Attributes,Close,Close,Close,Close,Volume,Volume,Volume,Volume
Symbols,BMO.TO,TRI.TO,L.TO,CIX.TO,BMO.TO,TRI.TO,L.TO,CIX.TO
Date,,,,,,,,
2019-01-02,89.56,64.60,61.05,17.13,1702600.00,1058300.00,626700.00,379300.00
2019-01-03,88.74,63.23,60.67,17.30,1103200.00,870000.00,617800.00,575100.00
2019-01-04,90.15,63.72,60.80,17.34,1239200.00,791600.00,444100.00,526900.00
2019-01-07,89.93,63.14,61.37,17.48,2532100.00,854000.00,724700.00,382500.00
2019-01-08,90.73,63.19,61.85,17.63,1905900.00,1162800.00,601100.00,384800.00
2019-01-09,91.89,63.80,62.48,18.21,2723400.00,821400.00,643000.00,598400.00
2019-01-10,92.47,64.72,62.89,17.73,1439700.00,658000.00,596800.00,638500.00
2019-01-11,92.76,65.14,63.86,17.63,1190500.00,495100.00,668100.00,547600.00
2019-01-14,92.82,65.47,64.07,17.64,2076100.00,505600.00,739000.00,295700.00
2019-01-15,93.62,65.81,64.62,17.60,1333800.00,553700.00,567600.00,338600.00
2019-01-16,94.89,66.81,64.18,17.74,1582000.00,845900.00,860800.00,683800.00
2019-01-17,95.70,67.03,64.30,17.95,1186200.00,480200.00,738200.00,269500.00
2019-01-18,96.73,67.52,63.63,18.16,2544900.00,562700.00,1073500.00,1062400.00
2019-01-21,96.76,66.98,63.70,17.87,594400.00,133700.00,381400.00,196500.00
2019-01-22,96.70,67.72,63.93,17.78,1419200.00,467900.00,593200.00,467600.00
2019-01-23,96.61,68.28,63.44,17.91,1714600.00,566900.00,799400.00,509400.00
2019-01-24,96.80,68.03,63.27,18.49,1444700.00,412200.00,815500.00,488500.00
2019-01-25,97.24,67.55,63.20,18.00,1310300.00,432700.00,547300.00,579800.00
2019-01-28,96.68,67.59,63.56,17.93,3677000.00,327600.00,383600.00,500300.00
2019-01-29,97.05,68.16,63.41,18.08,1778000.00,379500.00,445000.00,705800.00
2019-01-30,97.73,68.18,63.10,17.62,2195100.00,289700.00,579700.00,937100.00
2019-01-31,96.18,68.71,63.63,17.69,2177800.00,802400.00,371800.00,1095900.00
2019-02-01,95.94,68.65,63.96,17.77,1137800.00,469300.00,261100.00,290600.00
2019-02-04,96.72,69.19,64.52,17.71,2263800.00,404100.00,331100.00,445000.00
2019-02-05,97.25,70.09,66.05,18.03,1021500.00,427700.00,471800.00,418200.00
2019-02-06,97.20,69.83,66.57,18.30,1251000.00,302700.00,394600.00,348900.00
2019-02-07,97.14,70.39,66.54,18.50,2024900.00,694500.00,382200.00,553900.00
2019-02-08,96.95,70.64,66.63,17.62,1021100.00,537700.00,248300.00,1146300.00
2019-02-11,96.98,69.97,66.36,18.12,1078500.00,334000.00,398600.00,587900.00
2019-02-12,97.82,69.86,66.96,18.81,3162300.00,414800.00,456700.00,683200.00
2019-02-13,97.87,69.58,66.52,19.20,1106800.00,299000.00,296700.00,487500.00
2019-02-14,97.35,70.00,66.85,18.72,1859700.00,375900.00,614900.00,483100.00
2019-02-15,98.13,70.13,66.72,19.33,1567000.00,459000.00,472100.00,471800.00
2019-02-19,98.16,69.86,66.69,19.18,2015800.00,396400.00,349800.00,592300.00
2019-02-20,99.05,69.36,66.54,18.81,1572300.00,368200.00,469000.00,630700.00
2019-02-21,98.47,70.01,65.50,19.03,2140200.00,527000.00,1305100.00,886000.00
2019-02-22,98.73,70.00,64.09,18.98,1274400.00,429500.00,995000.00,372800.00
2019-02-25,99.18,69.71,64.95,18.79,1191300.00,600600.00,712700.00,697600.00
2019-02-26,101.66,71.77,65.41,18.66,2937200.00,854300.00,625300.00,613700.00
2019-02-27,102.94,71.06,65.64,18.69,1715200.00,529600.00,501100.00,561100.00
2019-02-28,102.62,71.56,65.54,18.60,1589400.00,863000.00,713500.00,1896600.00
2019-03-01,103.15,72.11,64.89,18.83,2056500.00,619000.00,482400.00,507400.00
2019-03-04,103.29,72.10,65.32,18.84,1686500.00,541300.00,435400.00,668300.00
2019-03-05,103.64,72.48,64.77,18.61,1499000.00,590200.00,490500.00,494900.00
2019-03-06,103.91,73.20,64.97,18.46,1975400.00,660800.00,468500.00,399700.00
2019-03-07,103.58,73.19,65.21,18.17,1546500.00,891000.00,626600.00,497700.00
2019-03-08,102.83,72.18,64.78,18.05,1792000.00,634200.00,484800.00,505700.00
2019-03-11,102.85,73.24,64.96,18.39,1590200.00,410600.00,741700.00,723500.00
2019-03-12,101.95,73.45,65.00,18.15,1854600.00,479500.00,576000.00,782100.00
2019-03-13,102.07,74.07,64.90,18.17,3530300.00,435300.00,710300.00,1671000.00
2019-03-14,102.67,74.32,65.01,17.98,913400.00,403400.00,778500.00,684900.00
2019-03-15,103.70,75.25,65.66,18.02,5267600.00,1786400.00,1613000.00,5348600.00
2019-03-18,104.11,75.27,65.47,18.39,994300.00,370000.00,465200.00,760700.00
2019-03-19,103.54,75.46,65.13,18.60,910700.00,409900.00,573900.00,652400.00
2019-03-20,102.74,75.35,64.69,18.12,1293600.00,426100.00,374800.00,625300.00
2019-03-21,102.25,76.76,65.73,18.16,1316800.00,375700.00,424900.00,654300.00
2019-03-22,100.74,77.69,65.63,17.94,2634700.00,732900.00,655300.00,773300.00
2019-03-25,100.97,77.25,65.86,17.93,1880500.00,505000.00,429600.00,835600.00
2019-03-26,101.12,77.16,65.54,18.39,2453400.00,505500.00,523900.00,991100.00
2019-03-27,100.91,77.87,66.03,18.36,1949100.00,393300.00,586600.00,1058100.00
2019-03-28,100.52,79.23,66.46,18.15,1274300.00,554700.00,428300.00,337300.00
2019-03-29,99.99,79.07,65.92,18.24,1444400.00,597100.00,453100.00,1318400.00
2019-04-01,101.48,78.93,65.96,18.36,1321000.00,247300.00,420900.00,459400.00
2019-04-02,102.14,78.62,66.57,18.40,1003300.00,392800.00,375100.00,570300.00
2019-04-03,102.19,79.38,66.98,18.65,1812900.00,483500.00,619400.00,988400.00
2019-04-04,102.31,78.27,66.87,18.88,1008400.00,528900.00,389500.00,760300.00
2019-04-05,102.34,78.53,66.60,18.79,874500.00,358000.00,356500.00,369100.00
2019-04-08,102.25,78.37,66.48,18.58,979600.00,264200.00,367300.00,631700.00
2019-04-09,101.97,78.17,66.50,18.69,979900.00,367300.00,325400.00,455500.00
2019-04-10,102.06,78.64,66.67,18.56,778700.00,270300.00,439700.00,370900.00
2019-04-11,102.54,78.89,66.54,18.65,1139800.00,294000.00,429200.00,399000.00
2019-04-12,103.23,79.56,66.40,18.68,1195300.00,284800.00,520700.00,256500.00
2019-04-15,103.53,80.08,66.34,18.75,882800.00,336800.00,388500.00,331600.00
2019-04-16,103.87,79.84,66.18,18.74,2048100.00,390600.00,401300.00,2046300.00
2019-04-17,105.19,79.80,65.85,18.86,1402200.00,408900.00,350200.00,378300.00
2019-04-18,105.50,80.20,66.36,18.90,1194800.00,544900.00,524800.00,378600.00
2019-04-22,105.44,80.16,66.32,18.60,642400.00,457400.00,153100.00,264900.00
2019-04-23,105.63,80.37,66.06,18.84,1591400.00,611600.00,489000.00,412000.00
2019-04-24,105.37,80.54,64.88,19.66,1255300.00,651200.00,653300.00,1075600.00
2019-04-25,105.34,82.00,65.36,19.22,1841600.00,473300.00,293400.00,985200.00
2019-04-26,105.69,82.02,65.12,19.35,3228300.00,294000.00,361900.00,422500.00
2019-04-29,106.41,82.20,65.31,19.31,2091800.00,548200.00,284100.00,290400.00
2019-04-30,105.82,82.79,65.63,19.27,1790000.00,388400.00,441600.00,497500.00
2019-05-01,105.83,82.92,64.34,19.29,1102700.00,537500.00,603000.00,332300.00
2019-05-02,105.73,83.01,65.25,19.52,2463300.00,237700.00,490200.00,415800.00
2019-05-03,106.11,82.63,65.23,19.31,1497900.00,343000.00,348600.00,405700.00
2019-05-06,106.36,82.99,66.03,19.35,1833100.00,334200.00,596300.00,1193000.00
2019-05-07,105.55,82.20,67.43,19.22,1480100.00,494800.00,923600.00,533400.00
2019-05-08,105.47,84.65,67.55,19.25,988500.00,1369200.00,1056900.00,400800.00
2019-05-09,104.55,85.17,68.37,20.12,1640200.00,1380800.00,873300.00,728800.00
2019-05-10,104.16,85.90,67.97,20.74,2116200.00,606800.00,746800.00,701300.00
2019-05-13,102.86,85.52,67.79,20.37,1491500.00,450800.00,535600.00,811200.00
2019-05-14,103.31,86.50,69.11,20.75,950100.00,562700.00,702900.00,1143800.00
2019-05-15,103.58,87.06,69.06,20.75,806000.00,404400.00,552900.00,503400.00
2019-05-16,104.01,87.79,70.21,20.47,900900.00,502200.00,712000.00,353500.00
2019-05-17,103.42,87.42,69.97,20.25,1497000.00,564000.00,612100.00,366700.00
2019-05-21,104.63,87.48,69.79,20.87,1701600.00,779500.00,730200.00,877100.00
2019-05-22,104.07,87.38,69.91,20.22,1622900.00,808500.00,684900.00,683100.00
2019-05-23,101.86,87.03,70.00,20.30,2534200.00,461600.00,920700.00,481600.00
2019-05-24,103.60,87.16,69.96,20.62,1747900.00,514600.00,468500.00,602000.00
2019-05-27,103.52,87.24,70.38,20.67,607500.00,111900.00,529800.00,205300.00
2019-05-28,103.04,87.98,70.79,20.52,1530600.00,1006100.00,1146000.00,1072100.00
2019-05-29,100.35,85.77,69.58,20.44,2558700.00,991800.00,675300.00,412300.00
2019-05-30,99.28,85.97,69.34,20.60,1362100.00,369600.00,467500.00,492800.00
2019-05-31,98.12,85.90,69.36,20.29,2090500.00,440300.00,645500.00,493500.00
2019-06-03,98.38,85.73,69.43,20.37,1507700.00,434800.00,479300.00,341700.00
2019-06-04,99.83,85.00,69.84,20.44,1324200.00,487000.00,582200.00,651500.00
2019-06-05,99.76,87.59,70.71,20.66,1314900.00,744800.00,467800.00,831800.00
2019-06-06,99.38,87.96,70.65,21.11,986900.00,408500.00,380500.00,880600.00
2019-06-07,98.97,88.81,70.75,20.96,1201200.00,534900.00,320400.00,642200.00
2019-06-10,99.33,87.11,70.27,21.23,728400.00,889400.00,902500.00,379800.00
2019-06-11,99.60,86.91,69.95,20.98,1088800.00,516400.00,495700.00,775800.00
2019-06-12,99.04,87.95,70.30,20.88,920500.00,615300.00,559800.00,389600.00
2019-06-13,99.15,86.49,69.48,20.92,829500.00,538100.00,593100.00,277900.00
2019-06-14,99.67,87.30,69.42,21.05,1045100.00,379100.00,393500.00,472300.00
2019-06-17,99.56,87.13,70.04,21.40,807800.00,377200.00,627500.00,527800.00
2019-06-18,100.51,87.58,70.12,21.43,1118200.00,422300.00,439400.00,661700.00
2019-06-19,100.25,88.60,70.29,21.40,941400.00,412000.00,349800.00,389200.00
2019-06-20,100.43,87.80,69.59,21.44,920200.00,530600.00,323000.00,603200.00
2019-06-21,99.94,87.09,67.34,21.28,3546900.00,1445600.00,1818400.00,796700.00
2019-06-24,99.78,86.77,67.20,21.25,966700.00,352700.00,653400.00,590300.00
2019-06-25,98.91,85.19,67.00,21.15,1238600.00,539300.00,376800.00,683500.00
2019-06-26,98.52,83.64,66.61,21.20,1109000.00,671900.00,386000.00,784000.00
2019-06-27,98.43,84.15,67.04,20.99,876500.00,418700.00,383700.00,538300.00
2019-06-28,98.92,84.48,67.05,21.34,1347100.00,681000.00,468600.00,638900.00
2019-07-02,99.92,85.92,66.73,21.89,1481800.00,588400.00,496400.00,828200.00
2019-07-03,100.30,86.40,67.24,21.84,851600.00,373700.00,369200.00,505000.00
2019-07-04,100.35,86.58,67.15,21.80,400200.00,108600.00,102900.00,220100.00
2019-07-05,100.88,86.46,67.03,21.82,1521100.00,312600.00,316600.00,182400.00
2019-07-08,100.44,86.60,66.76,21.74,1410200.00,378400.00,351600.00,348300.00
2019-07-09,100.95,87.04,67.05,21.67,984000.00,377000.00,417500.00,395000.00
2019-07-10,100.23,87.05,67.31,21.57,1965300.00,406300.00,399200.00,429700.00
2019-07-11,100.37,87.27,67.59,21.37,1319100.00,611800.00,372000.00,528800.00
2019-07-12,100.01,87.80,67.08,21.50,1157500.00,435600.00,356200.00,223100.00
2019-07-15,99.46,88.64,67.15,21.62,1054700.00,363200.00,237400.00,386500.00
2019-07-16,99.43,88.38,66.86,21.58,765200.00,262700.00,510100.00,443000.00
2019-07-17,98.92,88.34,66.91,21.50,1192600.00,370700.00,255800.00,275400.00
2019-07-18,99.10,89.05,66.91,21.29,1271400.00,429300.00,319600.00,565800.00
2019-07-19,98.71,88.37,66.86,21.27,1000700.00,300100.00,341100.00,443500.00
2019-07-22,98.69,89.30,67.19,21.11,1086700.00,377700.00,177700.00,450900.00
2019-07-23,99.16,89.83,67.86,21.24,1229400.00,248800.00,271000.00,299100.00
2019-07-24,99.79,88.86,66.41,21.19,1313500.00,573300.00,1004400.00,453300.00
2019-07-25,99.83,88.88,66.80,20.75,2934600.00,401200.00,429800.00,670800.00
2019-07-26,99.98,92.74,68.03,20.87,1420400.00,855200.00,292400.00,356100.00
2019-07-29,100.24,89.89,68.84,20.69,3628200.00,822200.00,591700.00,515000.00
2019-07-30,99.59,90.04,68.31,20.60,1929400.00,555800.00,473700.00,478000.00
2019-07-31,98.80,88.64,68.48,20.46,1690100.00,730800.00,578900.00,740800.00
2019-08-01,97.45,90.19,68.95,20.32,1399100.00,1114900.00,748700.00,439900.00
2019-08-02,96.70,88.35,68.81,20.17,1819500.00,705400.00,413200.00,269100.00
2019-08-06,95.06,88.05,68.89,20.09,3856800.00,856200.00,721000.00,467400.00
2019-08-07,95.21,89.64,69.32,20.08,1409500.00,735800.00,712300.00,395400.00
2019-08-08,95.67,89.28,69.76,18.32,1008600.00,406900.00,474400.00,1316500.00
2019-08-09,95.44,89.62,70.51,18.20,1944100.00,369300.00,651200.00,898600.00
2019-08-12,94.22,88.51,70.70,18.12,890600.00,364000.00,535700.00,482100.00
2019-08-13,94.77,88.96,71.24,18.40,1089000.00,787100.00,637900.00,775600.00
2019-08-14,92.70,87.25,70.51,18.28,1747700.00,468100.00,588100.00,696200.00
2019-08-15,92.35,87.55,70.99,18.38,1676100.00,318100.00,482200.00,514900.00
2019-08-16,93.19,89.46,71.98,18.85,1463800.00,301800.00,398200.00,720700.00
2019-08-19,94.01,90.00,72.29,19.05,1828800.00,374300.00,404700.00,412800.00
2019-08-20,92.62,89.81,72.25,18.97,1187100.00,397800.00,470900.00,431800.00
2019-08-21,93.16,89.77,72.20,19.10,1061100.00,419000.00,402400.00,424500.00
2019-08-22,93.06,89.57,71.82,19.10,1435400.00,439000.00,399800.00,323800.00
2019-08-23,92.00,87.34,71.00,18.82,1241600.00,615600.00,365700.00,329200.00
2019-08-26,92.38,87.94,71.22,18.95,969900.00,399800.00,312700.00,408000.00
2019-08-27,89.21,89.47,71.61,19.38,4958300.00,659400.00,571000.00,1207500.00
2019-08-28,89.36,89.72,71.82,19.05,2429700.00,307800.00,478000.00,494200.00
2019-08-29,91.21,91.11,72.67,19.07,2698100.00,458500.00,370600.00,597100.00
2019-08-30,91.26,91.49,72.87,19.08,1368400.00,616400.00,425800.00,593900.00
2019-09-03,90.43,91.58,73.15,18.89,1676200.00,785200.00,470800.00,709000.00
2019-09-04,90.18,92.24,73.77,18.71,1757600.00,574800.00,845400.00,771600.00
2019-09-05,91.77,93.55,74.25,19.15,2124200.00,577300.00,523300.00,580500.00
2019-09-06,92.23,93.26,74.22,19.08,1397200.00,390100.00,469000.00,392600.00
2019-09-09,93.21,91.14,74.50,19.06,1480200.00,671200.00,415800.00,320400.00
2019-09-10,94.90,89.35,73.94,18.97,1611200.00,495300.00,484700.00,515900.00
2019-09-11,95.50,88.07,72.65,19.14,1826600.00,736300.00,857200.00,830400.00
2019-09-12,95.94,89.07,72.24,19.25,1477200.00,535300.00,914200.00,460700.00
2019-09-13,96.48,88.87,72.44,19.30,1584000.00,417100.00,638800.00,389100.00
2019-09-16,96.42,87.70,71.92,19.36,1197300.00,336500.00,582400.00,273800.00
2019-09-17,96.61,89.61,72.21,19.49,1322800.00,456700.00,528500.00,460500.00
2019-09-18,97.22,89.38,73.19,19.47,1474700.00,353400.00,721600.00,324700.00
2019-09-19,97.31,89.57,73.27,19.39,2212000.00,358700.00,621000.00,300800.00
2019-09-20,97.58,88.70,74.88,19.47,3115200.00,1505300.00,1769400.00,921100.00
2019-09-23,96.92,88.84,75.05,19.38,985400.00,258700.00,639500.00,272400.00
2019-09-24,96.12,89.17,75.77,19.16,2154500.00,329400.00,518500.00,525900.00
2019-09-25,97.10,89.79,75.68,19.16,2168500.00,292100.00,449900.00,389700.00
2019-09-26,97.02,89.67,75.06,19.46,1464000.00,339600.00,416500.00,1626300.00
2019-09-27,97.61,87.83,74.75,19.37,1370500.00,278000.00,390800.00,721500.00
2019-09-30,97.58,88.55,75.46,19.33,1452300.00,437900.00,463100.00,383900.00
2019-10-01,96.97,87.90,74.81,18.91,1827800.00,285200.00,413800.00,779100.00
2019-10-02,95.84,87.70,74.88,18.68,1636600.00,373600.00,358800.00,391500.00
2019-10-03,95.51,88.64,75.20,18.53,3024900.00,308200.00,474500.00,403500.00
2019-10-04,95.86,89.52,74.85,18.51,2976400.00,259500.00,424100.00,298400.00
2019-10-07,96.12,89.39,75.11,18.59,1344800.00,238000.00,317700.00,257300.00
2019-10-08,95.16,87.79,74.03,18.43,1584100.00,399000.00,546600.00,390100.00
2019-10-09,95.78,89.37,74.15,18.56,1313400.00,188900.00,659800.00,245600.00
2019-10-10,96.14,89.14,73.43,18.65,895800.00,250800.00,591200.00,233100.00
2019-10-11,96.98,88.26,73.01,18.86,2312500.00,304900.00,428000.00,371700.00
2019-10-15,96.83,87.56,72.60,18.84,1969800.00,474400.00,446100.00,400200.00
2019-10-16,97.22,87.42,71.62,19.14,1835200.00,386700.00,716200.00,380000.00
2019-10-17,96.89,87.69,71.50,18.91,1209300.00,613300.00,528200.00,378500.00
2019-10-18,96.86,87.52,71.22,19.09,1098700.00,362000.00,284800.00,437500.00
2019-10-21,97.42,87.93,71.42,19.06,1547500.00,557600.00,455500.00,271200.00
2019-10-22,97.61,87.15,70.77,19.15,1367000.00,229400.00,613100.00,417400.00
2019-10-23,97.71,86.85,69.85,19.06,5356400.00,389000.00,595400.00,255700.00
2019-10-24,97.51,87.74,69.22,19.13,3725200.00,385500.00,785600.00,284700.00
2019-10-25,98.10,86.35,69.60,19.17,3641900.00,397300.00,1068100.00,209100.00
2019-10-28,98.15,86.59,69.80,19.28,1091300.00,293900.00,309600.00,815300.00
2019-10-29,98.29,87.79,69.68,19.26,1177500.00,319400.00,592800.00,382500.00
2019-10-30,98.93,89.10,70.15,19.25,3689100.00,402800.00,201900.00,301200.00
2019-10-31,97.50,88.51,70.24,19.17,2773400.00,481900.00,448500.00,366000.00
2019-11-01,97.93,88.82,69.90,19.26,3260900.00,292400.00,428700.00,452700.00
2019-11-04,98.43,88.21,69.11,19.94,3377400.00,497700.00,504400.00,592100.00
2019-11-05,99.21,87.75,68.97,19.88,2921800.00,562200.00,444100.00,256400.00
2019-11-06,99.54,88.00,69.79,20.20,1785200.00,676800.00,373700.00,509700.00
2019-11-07,100.52,88.00,70.29,20.35,2226500.00,666800.00,376700.00,362300.00
2019-11-08,100.68,89.01,70.60,20.84,724300.00,554600.00,312200.00,449400.00
2019-11-11,100.48,90.88,70.31,20.64,1187700.00,638300.00,417700.00,389500.00
2019-11-12,100.60,90.34,70.31,20.93,2643800.00,917800.00,475500.00,571800.00
2019-11-13,100.32,91.83,70.86,21.10,2057400.00,585200.00,451200.00,398800.00
2019-11-14,100.95,92.40,69.28,20.97,1042500.00,603100.00,548700.00,381400.00
2019-11-15,101.34,93.18,69.68,20.89,1096600.00,705900.00,814900.00,407400.00
2019-11-18,101.38,93.86,70.19,21.13,1043700.00,560900.00,623500.00,265300.00
2019-11-19,101.35,94.92,70.26,21.00,1803200.00,571700.00,937100.00,800400.00
2019-11-20,101.46,95.10,70.47,20.83,1743400.00,289500.00,517300.00,333800.00
2019-11-21,101.18,95.21,70.74,20.86,1798900.00,1037700.00,512600.00,232000.00
2019-11-22,101.08,94.71,70.55,20.75,1166700.00,304500.00,518300.00,291700.00
2019-11-25,101.34,95.36,71.01,20.81,1844500.00,571700.00,476000.00,502000.00
2019-11-26,101.50,94.83,71.60,20.88,1640000.00,884500.00,1428200.00,1125400.00
2019-11-27,102.12,94.13,71.68,20.81,1343400.00,674400.00,550400.00,1068400.00
2019-11-28,102.29,93.46,72.03,20.84,445600.00,97000.00,307600.00,180800.00
2019-11-29,102.22,92.88,71.60,20.92,885800.00,294600.00,474700.00,333900.00
2019-12-02,100.71,93.17,71.84,20.71,2043600.00,591000.00,844000.00,506600.00
2019-12-03,98.57,92.48,72.05,20.98,3555000.00,332700.00,505800.00,958900.00
2019-12-04,99.19,91.94,71.55,20.90,1898000.00,677700.00,460200.00,545400.00
2019-12-05,99.65,92.77,71.74,21.06,2521500.00,302000.00,409100.00,340400.00
2019-12-06,100.12,94.04,72.10,21.98,1176400.00,292000.00,297500.00,559200.00
2019-12-09,99.72,93.79,71.96,21.90,1364900.00,326100.00,233800.00,456700.00
2019-12-10,100.02,94.06,71.90,21.63,1347000.00,502800.00,581200.00,308700.00
2019-12-11,99.96,94.27,71.69,21.54,1028300.00,404200.00,518000.00,742500.00
2019-12-12,100.55,94.14,70.22,21.55,1728400.00,516200.00,1054100.00,877600.00
2019-12-13,101.47,95.23,69.25,21.61,2114500.00,383800.00,620200.00,1182400.00
2019-12-16,101.74,95.46,69.42,21.78,1180600.00,252300.00,292600.00,624900.00
2019-12-17,102.00,95.80,69.30,21.91,1287800.00,371000.00,508200.00,495800.00
2019-12-18,101.65,94.29,68.78,21.58,1801400.00,459000.00,583800.00,695900.00
2019-12-19,101.71,94.24,67.66,21.77,1461200.00,435900.00,548600.00,964800.00
2019-12-20,102.17,94.69,67.90,21.96,3208800.00,915000.00,1186800.00,1283600.00
2019-12-23,101.25,93.96,67.68,21.81,1125500.00,459200.00,213300.00,242600.00
2019-12-24,101.12,94.27,67.67,21.96,1093500.00,69900.00,108600.00,152000.00
2019-12-27,101.01,94.10,67.78,21.89,693900.00,324200.00,144900.00,1489400.00
2019-12-30,100.72,93.42,67.33,21.77,570600.00,178500.00,240400.00,257500.00
2019-12-31,100.64,92.89,67.00,21.71,857000.00,195400.00,213100.00,276400.00
2020-01-02,100.85,93.73,66.75,22.00,753600.00,275200.00,294400.00,282200.00
2020-01-03,100.60,94.30,67.01,22.39,1473000.00,311500.00,405000.00,690000.00
2020-01-06,100.52,95.11,66.71,22.41,1147500.00,233400.00,348500.00,596000.00
2020-01-07,100.35,95.81,67.22,22.46,702000.00,382100.00,357400.00,284000.00
2020-01-08,101.08,96.85,67.57,22.65,1088400.00,456200.00,498400.00,459700.00
2020-01-09,101.45,98.49,67.89,22.87,1683900.00,325900.00,330100.00,454500.00
2020-01-10,101.42,98.09,67.85,23.00,1243400.00,282800.00,365200.00,354400.00
2020-01-13,102.20,99.40,66.99,23.10,4100400.00,387700.00,564800.00,1173600.00
2020-01-14,102.71,100.15,66.97,23.17,1923500.00,535200.00,503300.00,496200.00
2020-01-15,103.01,100.92,67.32,23.00,1729600.00,439800.00,380000.00,681800.00
2020-01-16,103.36,102.55,68.05,23.04,1809800.00,488100.00,444900.00,473700.00
2020-01-17,103.80,103.09,68.38,23.15,1545900.00,359000.00,321500.00,301900.00
2020-01-20,103.50,103.31,68.55,23.28,1591500.00,89300.00,180900.00,339400.00
2020-01-21,104.34,103.12,68.79,23.19,1384400.00,463000.00,407600.00,462500.00
2020-01-22,104.40,103.53,69.09,23.28,1100600.00,228000.00,474300.00,352200.00
2020-01-23,104.25,103.47,68.95,23.27,2397400.00,314700.00,402600.00,242000.00
2020-01-24,104.02,104.06,68.93,23.17,1888100.00,338400.00,237700.00,172400.00
2020-01-27,103.40,105.25,69.67,23.04,4184800.00,336800.00,369200.00,253500.00
2020-01-28,103.72,105.78,69.26,23.50,4582100.00,413400.00,448800.00,490500.00
2020-01-29,103.49,106.19,69.49,23.38,3678300.00,350400.00,420200.00,405000.00
2020-01-30,103.37,106.83,69.74,23.46,1461200.00,320100.00,424700.00,438400.00
2020-01-31,100.93,106.39,69.24,23.19,1826200.00,472500.00,345000.00,677100.00
2020-02-03,100.53,107.30,69.19,23.59,3794600.00,341400.00,297700.00,599200.00
2020-02-04,101.29,108.29,69.54,23.66,2659600.00,415300.00,370900.00,293400.00
2020-02-05,101.83,106.70,69.82,24.35,2350200.00,624700.00,411600.00,553500.00
2020-02-06,102.47,108.83,70.59,24.39,2552400.00,504100.00,305100.00,467000.00
2020-02-07,102.49,108.08,70.40,24.20,852400.00,337700.00,336200.00,314200.00
2020-02-10,102.15,108.98,70.95,24.21,1864500.00,276300.00,219900.00,283000.00
2020-02-11,102.16,108.14,70.74,24.39,1629000.00,291400.00,248500.00,313700.00
2020-02-12,102.06,107.96,70.61,24.36,1977800.00,339500.00,397300.00,1096400.00
2020-02-13,101.75,108.27,70.84,24.36,3082100.00,456100.00,319400.00,485900.00
2020-02-14,101.81,108.55,71.09,25.09,546100.00,706300.00,203100.00,1133600.00
2020-02-18,101.30,108.10,71.08,25.48,2277600.00,347300.00,274200.00,658100.00
2020-02-19,101.09,108.49,71.09,25.11,1127100.00,513800.00,545300.00,653700.00
2020-02-20,101.25,108.36,69.92,25.46,1558000.00,512300.00,518700.00,529600.00
2020-02-21,100.92,107.26,70.15,25.32,1934000.00,472900.00,618400.00,652100.00
2020-02-24,99.47,106.60,70.00,24.72,2826800.00,425100.00,449300.00,495500.00
2020-02-25,97.25,107.20,69.76,24.14,3012700.00,1015100.00,703200.00,678000.00
2020-02-26,95.70,103.24,69.68,23.57,3015000.00,1189800.00,742400.00,1459400.00
2020-02-27,93.51,103.05,69.35,23.28,2012800.00,455800.00,488600.00,922500.00
2020-02-28,91.21,99.71,66.50,22.29,4242900.00,1560000.00,1795000.00,1781000.00
2020-03-02,92.10,101.66,67.36,22.77,2796500.00,1239800.00,1429500.00,760200.00
2020-03-03,89.98,101.59,69.15,22.53,3630700.00,1202500.00,1310600.00,924700.00
2020-03-04,90.93,104.93,71.58,22.66,2321700.00,802100.00,953800.00,488000.00
2020-03-05,88.01,101.94,71.87,22.30,3173700.00,1160100.00,924100.00,553900.00
2020-03-06,84.37,100.30,72.35,21.72,4113800.00,1122200.00,1057500.00,332800.00
2020-03-09,73.16,96.53,67.11,19.44,5946800.00,1527000.00,1614300.00,991400.00
2020-03-10,75.97,99.70,67.97,19.59,6116200.00,1434900.00,1482400.00,1717000.00
2020-03-11,72.38,94.83,66.64,18.84,5313900.00,1084100.00,1540200.00,1181100.00
2020-03-12,60.50,85.30,59.47,15.40,11609700.00,2317200.00,1927200.00,1658700.00
2020-03-13,70.77,89.56,66.49,16.93,8046800.00,1670300.00,2087900.00,1192900.00
2020-03-16,62.01,80.78,64.60,15.24,4621900.00,1276000.00,1700700.00,1127100.00
2020-03-17,61.41,82.03,69.75,14.17,7088300.00,1534500.00,2125600.00,1452500.00
2020-03-18,58.13,81.96,67.29,13.00,5353600.00,1008500.00,1785700.00,1379200.00
2020-03-19,60.67,84.34,66.80,12.69,5091100.00,764500.00,1549600.00,1313300.00
2020-03-20,62.26,80.01,66.75,13.08,8743500.00,1898700.00,2148200.00,2872300.00
2020-03-23,56.24,76.46,59.70,11.45,5328000.00,964900.00,1196400.00,1256600.00
2020-03-24,64.10,82.34,63.64,12.58,5574400.00,1091700.00,1113800.00,1008800.00
2020-03-25,69.67,86.26,67.21,13.09,6015900.00,1110500.00,1099400.00,1616900.00
2020-03-26,69.98,86.63,68.60,13.85,3482800.00,776000.00,907200.00,999800.00
2020-03-27,66.66,87.06,67.22,13.38,2805500.00,920700.00,630400.00,1763400.00
2020-03-30,67.81,94.25,69.14,13.18,3043900.00,774800.00,770800.00,1549700.00
2020-03-31,71.06,95.88,72.55,13.97,3658700.00,1042500.00,1283600.00,1117300.00
2020-04-01,67.13,92.89,71.97,12.44,2798400.00,894300.00,1519000.00,689900.00
2020-04-02,67.96,94.57,71.01,12.46,3317700.00,908800.00,816000.00,1008800.00
2020-04-03,66.95,93.79,72.48,11.17,1591500.00,509600.00,770000.00,2114700.00
2020-04-06,70.70,96.85,75.44,12.55,3811600.00,754500.00,1095100.00,1225000.00
2020-04-07,72.03,95.39,75.22,12.90,3141900.00,673500.00,1135500.00,876000.00
2020-04-08,74.89,98.22,74.69,13.35,3743300.00,643900.00,712400.00,563400.00
2020-04-09,75.10,99.32,71.97,13.69,4126900.00,458800.00,1156800.00,825300.00
2020-04-13,73.44,98.19,72.59,12.61,3657400.00,390200.00,532700.00,832400.00
2020-04-14,72.99,100.46,73.17,13.56,2992600.00,408500.00,689500.00,764400.00
2020-04-15,69.34,99.03,72.83,12.87,2993700.00,480700.00,801900.00,870300.00
2020-04-16,67.65,99.97,73.47,13.54,6459200.00,452400.00,602600.00,890300.00
2020-04-17,69.99,101.74,73.93,13.97,2758000.00,381100.00,755300.00,844200.00
2020-04-20,69.22,100.20,74.72,14.18,4025700.00,366500.00,445800.00,796800.00
2020-04-21,66.43,98.20,72.89,13.88,4094800.00,523700.00,669300.00,684400.00
2020-04-22,67.33,100.92,74.95,13.79,3461600.00,810800.00,832000.00,730100.00
2020-04-23,66.89,99.05,74.32,13.80,2561500.00,324700.00,570200.00,541000.00
2020-04-24,67.52,99.96,74.50,13.67,4905600.00,602300.00,568000.00,507200.00
2020-04-27,69.81,100.47,75.00,14.17,6015700.00,554900.00,501400.00,1694300.00
2020-04-28,71.26,99.89,73.37,14.75,8798900.00,554300.00,1027800.00,1037500.00
2020-04-29,74.84,99.78,70.55,15.38,4690200.00,481300.00,1069300.00,790200.00
2020-04-30,70.77,98.07,68.50,14.79,9976000.00,780400.00,1407100.00,1123200.00
2020-05-01,68.55,97.24,68.08,14.27,2289000.00,744800.00,454700.00,429400.00
2020-05-04,68.56,98.56,67.77,13.94,5369700.00,659600.00,528600.00,579000.00
2020-05-05,67.75,98.20,68.84,13.86,6703600.00,685900.00,932200.00,518800.00
2020-05-06,67.98,96.03,68.59,13.65,2857400.00,520200.00,620900.00,690500.00
2020-05-07,67.10,95.73,67.41,14.08,2602700.00,637300.00,593800.00,1048200.00
2020-05-08,68.34,95.04,69.26,14.63,3335000.00,548800.00,446600.00,857900.00
2020-05-11,68.71,95.72,71.69,14.50,3344800.00,697200.00,637000.00,719900.00
2020-05-12,67.30,94.02,70.10,14.20,2000100.00,860200.00,543400.00,1072700.00
2020-05-13,63.85,92.10,68.05,13.91,3580700.00,716300.00,511300.00,980200.00
2020-05-14,63.13,93.05,68.14,14.75,3996800.00,509600.00,411200.00,1348500.00
2020-05-15,62.37,93.69,67.38,14.37,2180500.00,272100.00,557500.00,1147000.00
2020-05-19,65.22,94.87,68.70,15.08,4125700.00,792900.00,679400.00,791200.00
2020-05-20,66.45,93.15,67.50,15.60,3457500.00,472800.00,746000.00,1685300.00
2020-05-21,65.10,92.33,66.84,15.78,2767500.00,573300.00,719400.00,457800.00
2020-05-22,64.14,92.60,66.40,15.35,2600700.00,267100.00,755100.00,480900.00
2020-05-25,65.25,93.06,66.84,15.61,1270300.00,214000.00,235700.00,224300.00
2020-05-26,70.19,91.99,66.93,16.36,3843100.00,573400.00,826600.00,533400.00
2020-05-27,70.78,90.77,66.74,16.63,4658100.00,761600.00,1170900.00,731600.00
2020-05-28,69.39,93.15,68.20,16.45,2298300.00,1023800.00,724700.00,884200.00
2020-05-29,67.92,92.22,68.16,16.32,3355400.00,3020100.00,1099000.00,1689900.00
2020-06-01,69.09,92.70,67.00,16.38,1886500.00,603800.00,428200.00,449600.00
2020-06-02,70.52,94.92,67.58,16.63,2001000.00,514700.00,573800.00,732200.00
2020-06-03,73.93,95.46,67.96,17.36,3129700.00,620300.00,587200.00,830500.00
2020-06-04,74.15,94.22,67.09,17.35,2487200.00,659300.00,612600.00,502000.00
2020-06-05,76.07,95.43,67.46,18.08,2454400.00,497900.00,707400.00,628800.00
2020-06-08,77.95,92.61,66.31,17.97,2383000.00,478200.00,987000.00,553100.00
2020-06-09,77.29,92.88,65.99,18.03,1817100.00,429000.00,629700.00,573900.00
2020-06-10,75.71,93.89,66.80,17.16,2506700.00,392500.00,849600.00,774100.00
2020-06-11,72.50,91.35,65.51,16.59,3129500.00,854000.00,870800.00,714700.00
2020-06-12,74.45,91.65,66.44,16.81,3406800.00,721800.00,1325400.00,829100.00
2020-06-15,74.68,91.90,66.18,16.67,2099900.00,592200.00,745500.00,407700.00
2020-06-16,76.77,91.93,66.67,16.94,2712900.00,462400.00,847500.00,493100.00
2020-06-17,76.14,92.65,65.92,16.89,1826900.00,463900.00,814100.00,322300.00
2020-06-18,76.55,92.81,66.27,17.12,2034900.00,447700.00,405200.00,701800.00
2020-06-19,75.99,92.05,67.15,17.24,7035500.00,2685800.00,2949900.00,1953700.00
2020-06-22,75.20,92.86,66.54,17.23,1575200.00,524800.00,983300.00,843900.00
2020-06-23,75.93,92.26,65.21,17.29,3662300.00,731500.00,1269000.00,753400.00
2020-06-24,73.95,90.93,66.13,16.92,3430200.00,333800.00,1053000.00,684700.00
2020-06-25,73.75,91.61,66.63,17.16,1786900.00,376600.00,465200.00,693600.00
2020-06-26,70.74,91.19,65.34,16.95,3616800.00,396400.00,495400.00,598400.00
2020-06-29,71.46,91.50,67.20,17.03,1730300.00,396200.00,735300.00,927600.00
2020-06-30,72.26,92.24,66.11,17.27,2614300.00,392100.00,684600.00,1194000.00
2020-07-02,72.11,91.67,66.59,17.25,2096200.00,348200.00,684000.00,803900.00
2020-07-03,72.25,91.85,66.71,17.10,384700.00,102200.00,237500.00,294600.00
2020-07-06,73.70,92.00,67.49,17.47,3505000.00,289900.00,448300.00,308400.00
2020-07-07,71.97,90.87,67.31,17.94,2226200.00,411500.00,372400.00,562400.00
2020-07-08,72.02,91.66,66.89,18.10,2244900.00,309300.00,354800.00,556200.00
2020-07-09,70.88,92.33,66.86,17.86,4444800.00,330000.00,292000.00,516900.00
2020-07-10,72.82,91.90,67.43,17.94,4538400.00,254800.00,327900.00,473000.00
2020-07-13,73.23,91.74,68.10,17.64,4278200.00,590400.00,442700.00,563500.00
2020-07-14,73.85,93.03,68.42,17.75,5029100.00,487300.00,669100.00,597200.00
2020-07-15,75.56,94.36,69.36,18.09,2239600.00,508800.00,558400.00,621500.00
2020-07-16,75.50,94.75,69.60,17.80,2137400.00,339100.00,271100.00,519300.00
2020-07-17,74.60,96.01,70.35,17.99,1688400.00,291900.00,368000.00,444300.00
2020-07-20,74.38,95.56,70.17,17.93,3534000.00,451700.00,282500.00,837800.00
2020-07-21,75.08,94.61,68.79,17.75,2205800.00,607500.00,449500.00,693400.00
2020-07-22,74.80,94.40,68.42,18.18,939100.00,819300.00,400200.00,601500.00
2020-07-23,74.24,92.77,69.46,18.22,2828900.00,786200.00,665200.00,768800.00
2020-07-24,73.73,91.62,69.13,18.21,2482500.00,388700.00,357400.00,246700.00
2020-07-27,74.17,91.49,69.25,18.45,4266100.00,663900.00,222400.00,931900.00
2020-07-28,73.96,92.02,68.80,18.74,5392300.00,643600.00,312800.00,827800.00
2020-07-29,75.07,93.27,69.79,18.75,4071900.00,282400.00,687200.00,510300.00
2020-07-30,75.43,93.64,70.00,18.71,3647200.00,393200.00,342000.00,381800.00
2020-07-31,73.28,93.46,69.49,18.41,2600000.00,610000.00,360500.00,472500.00
2020-08-04,73.00,94.71,69.77,18.43,5142100.00,664300.00,483900.00,579900.00
2020-08-05,74.41,94.87,69.90,18.95,7900600.00,417800.00,297500.00,501900.00
2020-08-06,74.30,98.78,69.97,19.07,4639900.00,766200.00,446200.00,554700.00
2020-08-07,75.25,100.11,69.81,19.19,2311800.00,498100.00,289600.00,340000.00
2020-08-10,76.60,99.14,69.53,19.32,5894700.00,503200.00,509200.00,314900.00
2020-08-11,77.58,99.21,70.20,19.39,4454700.00,613000.00,710000.00,504100.00
2020-08-12,78.65,100.25,70.35,19.53,3597800.00,279700.00,647400.00,423500.00
2020-08-13,77.79,99.42,70.73,19.50,2273800.00,512700.00,611900.00,345100.00
2020-08-14,78.03,99.64,70.79,19.20,2396400.00,313600.00,696700.00,461400.00
2020-08-17,77.78,99.32,70.71,19.31,1902200.00,637400.00,433800.00,388800.00
2020-08-18,77.31,99.56,71.00,19.07,2127300.00,395800.00,429400.00,504600.00
2020-08-19,77.01,100.42,70.90,19.13,1429400.00,456500.00,688800.00,322300.00
2020-08-20,76.07,101.31,70.75,19.00,1565500.00,627400.00,462900.00,514000.00
2020-08-21,75.48,101.70,71.10,18.85,2152500.00,867100.00,688900.00,320800.00
2020-08-24,76.85,102.19,71.13,19.13,2270100.00,680200.00,555500.00,275700.00
2020-08-25,81.23,100.70,70.33,19.06,3943300.00,562900.00,382100.00,494300.00
2020-08-26,83.56,101.50,69.68,19.23,3731100.00,434200.00,605100.00,393600.00
2020-08-27,83.67,101.51,69.81,19.05,2537800.00,705000.00,374600.00,365500.00
2020-08-28,82.83,100.98,68.40,18.83,1666100.00,605300.00,422700.00,363000.00
2020-08-31,82.78,99.71,67.41,18.52,3064900.00,827900.00,854100.00,1221800.00
2020-09-01,81.90,101.58,66.89,18.95,2025000.00,789100.00,763900.00,665400.00
2020-09-02,81.94,103.38,68.60,18.97,1692400.00,502100.00,826700.00,352700.00
2020-09-03,81.42,101.55,67.97,18.52,2052700.00,818600.00,607000.00,356200.00
2020-09-04,81.37,99.29,66.78,18.34,2337800.00,859200.00,778200.00,838800.00
2020-09-08,80.16,99.67,66.80,17.80,2293200.00,791300.00,1664300.00,839200.00
2020-09-09,80.72,101.26,68.55,18.09,1544700.00,528200.00,640000.00,402200.00
2020-09-10,79.83,100.11,68.41,17.79,1238300.00,320600.00,537300.00,587800.00
2020-09-11,80.51,100.86,68.22,18.06,1615800.00,217100.00,626500.00,556800.00
2020-09-14,81.36,102.37,68.26,18.04,1463900.00,659500.00,804900.00,415400.00
2020-09-15,81.25,103.56,68.66,18.06,1287500.00,561200.00,588200.00,567500.00
2020-09-16,80.64,102.46,67.43,17.99,1576300.00,229700.00,589600.00,475800.00
2020-09-17,80.79,101.71,67.99,18.01,1717800.00,270100.00,577800.00,248600.00
2020-09-18,80.23,102.23,67.69,18.04,3300900.00,1005700.00,1625600.00,1373400.00
2020-09-21,79.17,102.35,67.76,17.53,1671000.00,418400.00,437500.00,1052400.00
2020-09-22,78.04,103.99,69.90,17.59,1544500.00,279200.00,618600.00,299600.00
2020-09-23,77.65,103.70,69.78,17.19,1278800.00,430700.00,429900.00,457400.00
2020-09-24,77.99,103.42,69.90,16.98,1526500.00,296300.00,781100.00,547400.00
2020-09-25,77.98,105.22,70.70,17.21,1300500.00,306900.00,1401200.00,363600.00
2020-09-28,79.59,107.19,70.72,17.30,1350800.00,383900.00,453400.00,593200.00
2020-09-29,78.17,107.04,70.27,16.95,2461300.00,254600.00,326200.00,317500.00
2020-09-30,77.84,106.26,69.73,16.89,4141200.00,392200.00,533300.00,785300.00
2020-10-01,77.08,106.95,69.63,17.06,1720500.00,275800.00,394100.00,522800.00
2020-10-02,77.40,106.66,69.35,17.32,3702100.00,338100.00,350600.00,401000.00
2020-10-05,78.45,107.51,69.84,17.64,3557500.00,255800.00,574200.00,842700.00
2020-10-06,80.37,106.96,69.61,17.39,3934900.00,312700.00,514400.00,597200.00
2020-10-07,81.72,107.75,69.44,17.68,2186600.00,330500.00,295400.00,548500.00
2020-10-08,82.21,107.72,69.30,18.00,3700700.00,307100.00,1354600.00,542500.00
2020-10-09,81.78,108.14,68.86,18.13,3752800.00,344400.00,354300.00,320700.00
2020-10-13,81.39,109.03,68.93,18.16,4889900.00,506900.00,388300.00,369800.00
2020-10-14,80.94,108.68,68.78,17.75,3543600.00,387300.00,428200.00,528300.00
2020-10-15,81.01,109.64,69.45,17.72,1295400.00,308500.00,340300.00,605400.00
2020-10-16,80.99,109.14,69.38,17.77,1445700.00,401800.00,313900.00,724100.00
2020-10-19,79.78,108.14,68.55,17.58,3008900.00,365100.00,379600.00,592500.00
2020-10-20,80.86,108.13,68.36,17.30,3351200.00,367100.00,530700.00,966900.00
2020-10-21,81.95,108.17,68.57,17.44,3838900.00,253400.00,258500.00,639500.00
2020-10-22,82.73,107.71,67.63,17.65,3873300.00,615600.00,714600.00,569800.00
2020-10-23,84.09,107.63,67.57,17.65,2899400.00,272900.00,281900.00,288500.00
2020-10-26,83.65,106.84,67.03,16.62,3744000.00,359100.00,328500.00,761900.00
2020-10-27,82.08,105.88,67.14,16.24,6615400.00,341900.00,322500.00,680300.00
2020-10-28,80.08,103.98,66.73,15.67,7170500.00,474700.00,513000.00,882200.00
2020-10-29,81.08,103.83,66.75,15.86,3056700.00,230800.00,373300.00,818300.00
2020-10-30,79.33,103.58,66.32,15.53,4793500.00,420300.00,663900.00,906500.00
2020-11-02,79.50,104.55,66.23,15.49,3004700.00,579500.00,324300.00,710100.00
2020-11-03,81.53,108.26,65.87,15.76,5595900.00,451300.00,380400.00,600200.00
2020-11-04,82.68,110.17,66.13,16.01,8269300.00,946200.00,1013300.00,716800.00
2020-11-05,82.09,111.98,65.87,16.10,3720700.00,593100.00,997400.00,359700.00
2020-11-06,81.38,113.34,66.60,16.00,3724000.00,329800.00,895700.00,509200.00
2020-11-09,84.89,109.67,66.00,16.69,8452000.00,780000.00,976000.00,762700.00
2020-11-10,87.57,108.68,65.98,16.49,4138300.00,733200.00,856700.00,855400.00
2020-11-11,87.35,110.46,66.66,16.32,3160500.00,929400.00,653500.00,709100.00
2020-11-12,86.77,109.36,67.60,16.57,1972500.00,348400.00,736500.00,1637000.00
2020-11-13,87.54,109.26,65.70,16.69,2021500.00,344600.00,1302900.00,806200.00
2020-11-16,89.66,107.58,65.25,17.06,4699700.00,720100.00,1557900.00,632400.00
2020-11-17,90.82,105.99,65.17,16.83,4617800.00,966100.00,1155700.00,776100.00
2020-11-18,91.51,105.08,64.14,17.20,2011000.00,840600.00,1179400.00,707700.00
2020-11-19,92.27,105.20,64.28,17.26,1985400.00,431500.00,560300.00,570900.00
2020-11-20,93.35,105.64,64.26,17.24,2494900.00,480300.00,649900.00,337800.00
2020-11-23,94.84,104.89,64.85,17.34,1830500.00,523100.00,809200.00,333900.00
2020-11-24,97.28,103.38,64.09,17.69,2891500.00,557900.00,828300.00,455800.00
2020-11-25,97.04,104.03,63.85,17.50,3411300.00,307900.00,808900.00,386500.00
2020-11-26,97.16,103.43,64.06,17.57,742900.00,106300.00,202700.00,157700.00
2020-11-27,96.77,103.70,64.30,17.45,1189600.00,233500.00,441300.00,273500.00
2020-11-30,93.33,102.94,64.20,17.02,3665200.00,874400.00,1196000.00,1196100.00
2020-12-01,96.52,103.10,63.60,17.08,2718500.00,662500.00,692200.00,700800.00
2020-12-02,97.33,103.39,63.54,16.76,2109900.00,685000.00,688800.00,817900.00
2020-12-03,97.76,103.48,64.04,16.88,1927100.00,374100.00,590900.00,538600.00
2020-12-04,98.05,104.14,63.53,17.08,1401200.00,330800.00,860400.00,1140000.00
2020-12-07,97.39,103.44,63.20,16.92,2858100.00,254500.00,859000.00,1258500.00
2020-12-08,97.65,103.32,63.98,16.77,1868200.00,433100.00,1018600.00,729600.00
2020-12-09,98.33,103.53,65.82,16.58,1335400.00,504500.00,1222100.00,652900.00
2020-12-10,97.51,102.45,65.21,16.48,1365800.00,337900.00,848600.00,617400.00
2020-12-11,97.14,103.32,65.49,16.70,1220400.00,359700.00,834600.00,623500.00
2020-12-14,96.12,102.63,65.20,16.64,2631400.00,611300.00,1004400.00,1232600.00
2020-12-15,97.46,102.75,65.14,17.00,2656400.00,336000.00,1012300.00,787500.00
2020-12-16,97.43,102.25,65.41,16.21,3019200.00,517000.00,928100.00,2585500.00
2020-12-17,97.58,102.64,64.67,16.18,1554800.00,857300.00,690300.00,1214100.00
2020-12-18,96.44,103.31,64.60,16.30,4353100.00,929600.00,1498400.00,3993200.00
2020-12-21,96.78,102.84,64.06,15.95,1409500.00,312900.00,3783900.00,866100.00
2020-12-22,96.66,102.68,64.02,15.85,1229000.00,344200.00,596100.00,838800.00
2020-12-23,97.33,102.68,63.69,16.06,1842100.00,223100.00,419200.00,694800.00
2020-12-24,97.25,103.32,63.72,15.91,527600.00,114800.00,235400.00,639600.00
2020-12-29,97.14,104.56,63.46,16.07,2252900.00,366900.00,360400.00,972200.00
2020-12-30,96.61,104.60,63.12,15.93,977300.00,191100.00,292900.00,471500.00
2020-12-31,96.78,104.18,62.81,15.78,1037700.00,294300.00,396500.00,292200.00
2021-01-04,95.99,103.40,63.75,15.11,2617000.00,458300.00,340900.00,783200.00
2021-01-05,96.46,104.04,63.83,15.30,1663700.00,332200.00,453100.00,728400.00
2021-01-06,98.20,102.81,64.46,15.79,2975700.00,549800.00,662100.00,1469100.00
2021-01-07,99.24,102.26,64.33,16.48,2872000.00,600800.00,603100.00,1108100.00
2021-01-08,99.86,102.46,65.11,16.21,3451700.00,449300.00,469500.00,1135400.00
2021-01-11,99.87,101.84,64.47,16.44,4246500.00,353200.00,477700.00,1063900.00
2021-01-12,99.62,100.72,64.06,17.42,1479700.00,330800.00,478300.00,1943600.00
2021-01-13,99.29,100.89,63.54,16.58,2301600.00,443300.00,584300.00,1489400.00
2021-01-14,99.50,99.24,63.02,16.47,1711100.00,554900.00,473500.00,1723900.00
2021-01-15,100.63,102.17,64.22,16.51,4344500.00,980400.00,615800.00,624300.00
2021-01-18,101.23,102.55,63.80,16.60,576200.00,154300.00,187800.00,334000.00
2021-01-19,100.50,102.50,63.66,16.37,2113900.00,462100.00,556400.00,1222400.00
2021-01-20,99.55,103.82,63.20,16.37,4668800.00,351800.00,843600.00,920600.00
2021-01-21,98.20,103.02,63.52,16.67,4577600.00,232000.00,765600.00,1449800.00
2021-01-22,97.60,103.72,63.35,16.58,2399000.00,248200.00,407000.00,1045900.00
2021-01-25,98.14,105.89,63.94,16.50,2832300.00,394000.00,565200.00,1427100.00
2021-01-26,98.05,104.96,64.06,16.99,2368600.00,265200.00,625000.00,1103200.00
2021-01-27,97.05,102.50,63.41,16.29,3711000.00,386000.00,713200.00,1431800.00
2021-01-28,98.13,104.93,63.04,16.27,5229300.00,342200.00,613500.00,830500.00
2021-01-29,95.12,104.27,61.75,15.88,4186300.00,540500.00,942000.00,1264000.00
2021-02-01,95.75,107.42,63.02,16.60,2563100.00,423000.00,880500.00,938900.00
2021-02-02,96.44,108.42,62.75,17.01,1623200.00,412600.00,643200.00,1064900.00
2021-02-03,96.21,108.02,61.80,17.27,2029800.00,400300.00,897900.00,677400.00
2021-02-04,97.93,107.60,62.25,17.38,6258200.00,391900.00,440100.00,629600.00
2021-02-05,97.84,107.53,62.02,17.79,2588400.00,280700.00,590200.00,1232700.00
2021-02-08,97.77,106.41,62.09,17.41,4298300.00,364100.00,417300.00,1168200.00
2021-02-09,97.62,105.86,62.51,17.47,4120700.00,211300.00,435700.00,942700.00
2021-02-10,97.31,104.61,62.26,17.33,2089600.00,236200.00,561400.00,1449900.00
2021-02-11,96.84,105.05,62.04,18.20,1423000.00,261400.00,411200.00,1204000.00
2021-02-12,97.60,105.17,62.58,19.16,2622500.00,573800.00,440500.00,1709400.00
2021-02-16,98.24,104.35,62.60,18.52,3732100.00,319700.00,491700.00,1625400.00
2021-02-17,99.37,104.21,62.18,18.38,2682100.00,240800.00,500600.00,1261800.00
2021-02-18,99.67,104.34,62.15,17.96,1876200.00,194700.00,553100.00,1218000.00
2021-02-19,101.25,103.51,61.88,18.00,2654500.00,294300.00,621500.00,1398500.00
2021-02-22,101.84,101.26,61.42,17.88,2075500.00,507600.00,705800.00,1483600.00
2021-02-23,104.90,112.15,61.77,17.67,4349700.00,1697100.00,668000.00,1889100.00
2021-02-24,107.80,111.55,60.86,17.55,4480000.00,643100.00,727100.00,2075000.00
2021-02-25,105.89,111.78,63.03,17.36,2325500.00,485300.00,1141700.00,1655500.00
2021-02-26,103.98,110.70,61.33,17.82,2727400.00,561100.00,1798300.00,18143500.00
2021-03-01,106.10,111.36,61.74,17.87,4124600.00,535900.00,1131200.00,1367500.00
2021-03-02,107.40,112.12,62.70,17.53,3611000.00,536300.00,904900.00,1275800.00
2021-03-03,107.32,110.67,62.64,17.10,1321200.00,411000.00,866300.00,1780900.00
2021-03-04,106.55,109.20,63.95,17.02,3407100.00,625300.00,1299400.00,3148400.00
2021-03-05,108.11,109.32,64.70,16.96,2394600.00,619900.00,970000.00,1803300.00
2021-03-08,108.89,108.60,65.21,17.43,2152900.00,712400.00,1052600.00,3275600.00
2021-03-09,108.39,110.37,65.48,18.03,2741800.00,675200.00,877800.00,1251700.00
2021-03-10,110.15,109.83,65.99,17.93,1703400.00,517500.00,867600.00,1075800.00
2021-03-11,109.73,109.30,66.10,18.70,1396200.00,501300.00,1071200.00,1217100.00
2021-03-12,110.21,109.33,65.54,18.56,1264800.00,393300.00,874400.00,964400.00
2021-03-15,109.72,109.32,66.16,18.86,1757400.00,421000.00,912600.00,1295700.00
2021-03-16,109.60,109.93,67.42,18.94,1212900.00,346200.00,1072300.00,1309600.00
2021-03-17,110.66,109.02,66.68,18.70,3206300.00,455300.00,1036200.00,887800.00
2021-03-18,111.83,110.19,66.64,18.65,2212300.00,391100.00,737100.00,685200.00
2021-03-19,111.58,109.31,66.59,18.86,6958700.00,1417500.00,1987000.00,1148500.00
2021-03-22,110.76,110.20,66.95,18.74,1214600.00,334700.00,823600.00,487300.00
2021-03-23,109.65,111.61,69.29,18.55,1424600.00,327500.00,989100.00,537500.00
2021-03-24,110.56,110.15,69.00,18.51,1301300.00,403700.00,609500.00,620900.00
2021-03-25,112.23,111.01,68.50,18.55,2138500.00,345500.00,631200.00,758200.00
2021-03-26,112.96,111.26,68.47,18.57,1503400.00,365100.00,499600.00,599200.00
2021-03-29,112.52,111.47,69.88,18.58,4033500.00,564200.00,790900.00,553000.00
2021-03-30,113.17,110.67,70.20,18.36,979400.00,448500.00,471100.00,611000.00
2021-03-31,112.02,110.09,70.20,18.15,1695000.00,537300.00,701800.00,1254800.00
2021-04-01,113.00,112.45,70.36,18.43,1492100.00,334000.00,475400.00,654300.00
2021-04-05,113.62,113.11,70.65,18.69,4546500.00,207700.00,212100.00,555300.00
2021-04-06,113.09,113.54,71.08,18.61,1332900.00,225700.00,350800.00,813400.00
2021-04-07,113.83,113.43,70.79,18.87,3232800.00,222500.00,327800.00,612500.00
2021-04-08,114.35,113.85,70.03,19.21,3919700.00,258600.00,519600.00,2788600.00
2021-04-09,114.89,114.05,70.20,19.32,2728500.00,199000.00,360900.00,645700.00
2021-04-12,115.72,114.16,70.49,19.44,2572500.00,321000.00,256900.00,769200.00
2021-04-13,113.86,114.95,69.58,19.09,5113000.00,315100.00,326200.00,1165200.00
2021-04-14,114.28,114.05,69.07,19.09,4557900.00,300500.00,341900.00,637700.00
2021-04-15,114.56,115.16,69.56,19.39,1600000.00,257600.00,326200.00,461400.00
2021-04-16,114.82,115.81,69.88,19.36,1817300.00,224300.00,273200.00,738100.00
2021-04-19,114.07,115.25,69.94,19.33,1604900.00,135500.00,251000.00,702600.00
2021-04-20,112.67,115.87,70.67,19.19,1843600.00,229200.00,348200.00,539700.00
2021-04-21,113.79,115.45,70.39,19.26,1622300.00,205200.00,226400.00,460000.00
2021-04-22,113.93,114.85,70.27,19.34,1860400.00,180500.00,333600.00,434300.00
2021-04-23,116.01,114.69,69.30,19.42,2584200.00,253300.00,251000.00,404500.00
2021-04-26,116.71,114.02,69.43,19.64,4386900.00,210200.00,224100.00,696300.00
2021-04-27,116.80,114.99,68.73,19.79,3003600.00,317800.00,501900.00,684900.00
2021-04-28,117.10,113.68,68.30,19.66,5604800.00,177100.00,447800.00,489300.00
2021-04-29,117.25,114.23,68.16,19.82,4008100.00,205600.00,462500.00,384700.00
2021-04-30,116.01,113.99,68.25,19.76,2446400.00,406600.00,751400.00,808200.00
2021-05-03,115.81,114.66,68.32,20.40,5043200.00,279200.00,182800.00,623300.00
2021-05-04,115.51,119.08,68.22,20.31,3872100.00,601300.00,299400.00,617200.00
2021-05-05,116.24,117.65,69.40,20.43,3793200.00,591200.00,374400.00,632800.00
2021-05-06,117.30,116.51,70.07,20.53,3811800.00,244800.00,804100.00,305300.00
2021-05-07,117.84,118.04,70.61,20.90,1629500.00,207800.00,700400.00,660000.00
2021-05-10,117.81,116.51,71.56,20.93,3446400.00,277900.00,804000.00,421800.00
2021-05-11,117.14,116.36,71.19,20.77,4270600.00,460900.00,784600.00,781700.00
2021-05-12,116.49,113.78,71.48,20.23,1756200.00,409400.00,865700.00,629800.00
2021-05-13,119.42,114.50,71.86,20.96,3845300.00,298000.00,869000.00,882400.00
2021-05-14,120.65,114.84,72.14,21.80,1394300.00,314300.00,685900.00,1551600.00
2021-05-17,121.52,114.44,72.34,21.70,1497200.00,188400.00,707200.00,904400.00
2021-05-18,122.36,113.88,72.64,21.84,1487000.00,249600.00,784400.00,629100.00
2021-05-19,122.00,113.37,74.17,22.02,1886100.00,396700.00,1471600.00,747700.00
2021-05-20,123.14,114.49,74.52,22.09,1746100.00,206000.00,997100.00,778200.00
2021-05-21,123.92,114.52,74.17,22.11,1749000.00,361500.00,812300.00,440700.00
2021-05-25,123.60,116.68,74.77,22.22,3071100.00,445000.00,1032700.00,648600.00
2021-05-26,125.41,117.53,75.45,22.26,2446000.00,509300.00,808700.00,474900.00
2021-05-27,126.18,117.72,74.12,22.27,2680500.00,1327500.00,1218700.00,681800.00
2021-05-28,126.83,118.32,74.34,22.43,1610100.00,277800.00,508300.00,455700.00
2021-05-31,126.19,116.78,73.77,22.42,1283200.00,127800.00,235300.00,187200.00
2021-06-01,127.98,118.32,74.93,22.54,3981900.00,297500.00,601500.00,549000.00
2021-06-02,127.42,119.01,74.67,22.28,1279800.00,353000.00,454900.00,583100.00
2021-06-03,128.57,118.66,74.79,22.38,1243500.00,302200.00,548100.00,460400.00
2021-06-04,128.00,118.95,75.29,22.50,1096800.00,185300.00,253600.00,730200.00
2021-06-07,128.55,117.44,75.51,22.46,1078800.00,285000.00,565000.00,747000.00
2021-06-08,128.17,118.81,75.67,22.45,3162400.00,272900.00,347200.00,532800.00
2021-06-09,127.15,117.99,75.46,22.16,1404800.00,421100.00,554600.00,604200.00
2021-06-10,126.95,118.38,76.10,21.95,1092000.00,148400.00,403300.00,993700.00
2021-06-11,126.92,118.99,76.00,21.82,931200.00,178700.00,194700.00,783000.00
2021-06-14,126.50,119.53,75.99,21.70,963200.00,215900.00,407400.00,602800.00
2021-06-15,127.51,120.56,76.18,21.71,1127500.00,353000.00,263800.00,896300.00
2021-06-16,129.31,120.05,75.65,21.79,2170800.00,217200.00,351000.00,734200.00
2021-06-17,127.83,121.34,76.10,21.76,2275700.00,278500.00,505600.00,483700.00
2021-06-18,126.93,120.63,74.83,21.76,5230500.00,909800.00,1084900.00,1097600.00
2021-06-21,128.05,121.68,75.18,22.16,1095400.00,273700.00,314500.00,343100.00
2021-06-22,128.12,121.16,75.73,22.51,969800.00,386500.00,448400.00,685800.00
2021-06-23,127.90,120.38,75.78,22.73,925700.00,189400.00,692300.00,498700.00
2021-06-24,127.76,120.38,76.29,23.11,1218800.00,181500.00,465700.00,561100.00
2021-06-25,128.65,120.86,75.85,23.12,1200000.00,119300.00,542700.00,320300.00
2021-06-28,127.08,121.20,76.04,23.06,1166600.00,202000.00,464700.00,630800.00
2021-06-29,126.60,122.43,76.21,22.89,966800.00,223600.00,259500.00,267000.00
2021-06-30,127.06,123.13,76.29,22.75,1064900.00,351800.00,536500.00,300600.00
2021-07-02,127.09,123.27,77.14,22.79,1158000.00,182300.00,382500.00,259200.00
2021-07-05,127.32,123.12,76.72,23.07,914400.00,47300.00,118500.00,329300.00
2021-07-06,126.68,124.20,76.11,22.84,1164500.00,317300.00,338200.00,482200.00
2021-07-07,126.84,126.00,77.19,22.63,1188500.00,293900.00,396700.00,421400.00
2021-07-08,124.98,125.51,78.39,22.46,1528500.00,253900.00,597500.00,347800.00
2021-07-09,126.12,126.31,78.57,22.78,2860200.00,272600.00,406100.00,334900.00
2021-07-12,127.00,126.22,78.34,22.78,2625400.00,231000.00,188200.00,220000.00
2021-07-13,126.77,126.57,78.99,22.61,4051700.00,214700.00,340400.00,502500.00
2021-07-14,126.42,126.69,78.26,22.56,1617500.00,246300.00,289200.00,196000.00
2021-07-15,126.34,127.31,79.44,22.67,3155500.00,193300.00,401000.00,332600.00
2021-07-16,125.11,129.04,80.21,22.81,1585900.00,307600.00,290200.00,1028800.00
2021-07-19,122.37,128.31,80.50,22.20,1948200.00,353600.00,538900.00,557100.00
2021-07-20,123.14,130.05,80.29,22.70,1060000.00,282300.00,365000.00,378600.00
2021-07-21,124.12,130.18,79.24,23.03,1153100.00,287900.00,334800.00,370800.00
2021-07-22,123.59,130.24,79.29,22.80,1216700.00,169100.00,193000.00,297000.00
2021-07-23,124.47,131.36,80.25,22.74,4135100.00,278100.00,272700.00,281000.00
2021-07-26,125.33,130.35,80.85,22.66,5936100.00,229800.00,241500.00,329900.00
2021-07-27,125.40,131.52,81.61,22.56,5830300.00,208700.00,347500.00,331400.00
2021-07-28,125.51,130.76,82.44,22.44,1902700.00,171300.00,421000.00,216400.00
2021-07-29,126.14,131.44,83.87,22.77,2054900.00,219800.00,655200.00,266000.00
2021-07-30,123.53,132.20,84.40,22.75,5291800.00,256100.00,520900.00,494100.00
2021-08-03,124.26,131.99,86.09,23.16,7239600.00,245100.00,629700.00,591900.00
2021-08-04,123.99,132.74,86.34,23.00,2373200.00,222000.00,489600.00,279700.00
2021-08-05,125.47,140.11,85.48,23.14,2289000.00,753600.00,311000.00,332600.00
2021-08-06,126.45,140.72,85.79,23.27,1806600.00,475700.00,245500.00,377700.00
2021-08-09,126.54,139.63,85.79,23.45,1562900.00,322600.00,421500.00,392900.00
2021-08-10,127.92,141.61,86.15,24.53,2470700.00,389400.00,476300.00,1008600.00
2021-08-11,129.05,142.72,86.00,25.18,3428300.00,403400.00,565100.00,1116900.00
2021-08-12,129.13,142.71,86.96,25.00,1336200.00,227600.00,634400.00,379500.00
2021-08-13,128.73,143.48,86.88,24.52,1562800.00,170200.00,573200.00,405300.00
2021-08-16,127.99,145.44,87.21,24.78,1441700.00,287900.00,450900.00,550800.00
2021-08-17,127.50,145.75,87.58,24.24,1303200.00,678300.00,674300.00,428600.00
2021-08-18,128.15,142.90,87.77,24.12,3375600.00,343300.00,947400.00,291500.00
2021-08-19,126.79,144.69,89.03,24.07,1456600.00,315700.00,716300.00,503300.00
2021-08-20,127.91,146.31,88.96,24.28,1094700.00,243500.00,613100.00,228900.00
2021-08-23,128.72,145.17,88.90,24.24,2173600.00,310000.00,401400.00,242000.00
2021-08-24,130.87,143.70,88.80,24.47,1781100.00,236200.00,377000.00,284700.00
2021-08-25,130.72,144.18,89.00,24.65,2881000.00,311400.00,298700.00,314100.00
2021-08-26,127.67,144.97,88.75,24.57,2105100.00,250900.00,322900.00,239000.00
2021-08-27,126.94,145.51,88.12,24.55,2341300.00,262600.00,379900.00,175900.00
2021-08-30,125.91,146.45,88.90,24.39,1547600.00,194300.00,222800.00,188600.00
2021-08-31,125.56,147.42,88.89,24.49,1875100.00,475900.00,892800.00,807200.00
2021-09-01,127.01,150.30,89.11,24.84,1366500.00,449700.00,640600.00,222700.00
2021-09-02,127.81,149.89,89.57,24.86,989100.00,462800.00,343400.00,829100.00
2021-09-03,127.73,148.81,89.81,24.77,1100600.00,390600.00,263300.00,401500.00
2021-09-07,128.50,148.99,89.79,24.90,1121800.00,349200.00,551400.00,556000.00
2021-09-08,128.44,151.17,91.82,24.89,807100.00,339500.00,649700.00,642500.00
2021-09-09,128.27,149.93,91.29,25.04,1330800.00,378600.00,998600.00,793200.00
2021-09-10,127.86,150.37,90.72,25.10,1494500.00,365000.00,521700.00,692700.00
2021-09-13,128.79,150.74,88.74,25.43,1292300.00,298700.00,743500.00,599400.00
2021-09-14,127.48,150.35,87.63,26.09,1320300.00,230800.00,498900.00,738900.00
2021-09-15,128.38,150.24,87.73,26.37,1332800.00,276800.00,466600.00,539200.00
2021-09-16,128.80,149.70,87.43,26.80,1118100.00,211700.00,280300.00,722700.00
2021-09-17,127.85,149.32,85.64,26.96,3870500.00,1158000.00,1758400.00,1072500.00
2021-09-20,125.11,148.16,85.48,25.87,1631900.00,467400.00,368100.00,783300.00
2021-09-21,125.30,149.01,86.38,26.04,1499200.00,279200.00,352100.00,472300.00
2021-09-22,126.55,148.58,86.16,25.99,958200.00,233400.00,409600.00,456200.00
2021-09-23,128.37,143.89,85.20,26.06,1141600.00,625000.00,317300.00,347700.00
2021-09-24,128.46,145.61,85.35,26.32,799400.00,304900.00,347100.00,356900.00
2021-09-27,129.43,143.01,84.53,26.36,1133500.00,495600.00,331600.00,348100.00
2021-09-28,128.09,141.43,83.88,25.80,1109700.00,351100.00,316600.00,368600.00
2021-09-29,128.35,141.55,85.66,25.88,1161700.00,277100.00,598000.00,228800.00
2021-09-30,126.45,140.05,86.92,25.71,1566500.00,304800.00,569300.00,412400.00
2021-10-01,127.31,139.27,86.45,25.82,1163700.00,406000.00,314500.00,284600.00
2021-10-04,127.20,137.70,87.61,25.38,1606300.00,434900.00,530700.00,508700.00
2021-10-05,129.00,138.91,89.36,25.58,1461700.00,275500.00,844800.00,402600.00
2021-10-06,128.47,140.70,90.60,25.36,1144900.00,583000.00,1014600.00,417300.00
2021-10-07,129.94,142.49,90.75,25.76,1155000.00,395500.00,538300.00,1091700.00
2021-10-08,130.70,141.94,89.96,25.73,1024900.00,371700.00,428900.00,616000.00
2021-10-12,129.65,143.59,90.45,25.68,1910600.00,523200.00,776000.00,617400.00
2021-10-13,129.51,144.00,91.76,26.06,1733000.00,237000.00,1256400.00,679400.00
2021-10-14,130.70,144.83,91.29,26.50,1102900.00,225900.00,361400.00,448300.00
2021-10-15,132.68,144.13,92.16,26.75,2268100.00,270700.00,308900.00,398500.00
2021-10-18,132.64,145.37,93.06,26.86,1678300.00,314300.00,305700.00,316100.00
2021-10-19,133.37,145.60,92.04,27.81,1596200.00,197200.00,346200.00,594300.00
2021-10-20,134.71,145.48,91.59,27.90,3778600.00,200100.00,356700.00,321500.00
2021-10-21,134.93,146.74,93.32,28.23,4126100.00,230500.00,327200.00,614100.00
2021-10-22,135.47,147.07,94.01,28.10,4522000.00,341000.00,217800.00,306500.00
2021-10-25,137.26,147.39,94.91,27.85,5827500.00,338200.00,491600.00,478600.00
2021-10-26,137.89,146.79,94.80,28.36,5789800.00,297200.00,500700.00,505900.00
2021-10-27,137.16,146.13,93.00,27.94,2686000.00,289900.00,510500.00,241900.00
2021-10-28,138.57,146.84,93.02,28.52,3050200.00,273200.00,413900.00,317200.00
2021-10-29,134.37,148.87,93.08,28.22,5808500.00,645500.00,513100.00,574500.00
2021-11-01,135.55,146.79,93.19,28.24,2410700.00,603100.00,251800.00,373500.00
2021-11-02,136.62,146.33,94.93,29.06,2823300.00,478900.00,351900.00,689700.00
2021-11-03,137.03,143.06,93.97,29.49,1439100.00,565900.00,367500.00,496100.00
2021-11-04,137.34,148.17,95.67,29.66,3298900.00,628900.00,328600.00,418300.00
2021-11-05,137.69,146.92,95.37,29.65,2343500.00,367000.00,301100.00,338700.00
2021-11-08,139.03,149.67,95.86,29.83,2021900.00,519900.00,321700.00,590700.00
2021-11-09,139.40,150.04,96.98,29.96,1939300.00,276800.00,373800.00,711800.00
2021-11-10,138.99,150.40,97.66,29.93,2451700.00,229300.00,192200.00,285100.00
2021-11-11,140.08,150.23,98.43,30.17,713700.00,140200.00,242500.00,758600.00
2021-11-12,140.27,150.38,98.07,29.66,984500.00,192500.00,256300.00,966600.00
2021-11-15,140.25,150.53,98.36,29.66,2340500.00,230700.00,319600.00,902600.00
2021-11-16,139.78,152.14,98.30,29.81,1725500.00,354100.00,321900.00,411400.00
2021-11-17,139.18,151.93,97.08,29.67,1333700.00,283700.00,556600.00,328500.00
2021-11-18,138.85,153.93,98.29,29.67,1036200.00,347000.00,666300.00,174000.00
2021-11-19,137.89,156.01,98.00,29.87,1325400.00,376900.00,559700.00,261100.00
2021-11-22,138.61,153.98,96.01,30.40,2037800.00,297800.00,1006500.00,636500.00
2021-11-23,139.85,153.88,97.59,30.06,1157400.00,230200.00,853800.00,436900.00
2021-11-24,140.22,154.25,96.41,30.17,1448400.00,304900.00,817600.00,208500.00
2021-11-25,140.87,154.59,97.33,30.19,645400.00,108500.00,427900.00,68600.00
2021-11-26,137.93,154.29,96.44,29.39,1746800.00,300000.00,762700.00,267400.00
2021-11-29,137.01,156.00,96.86,29.31,1244300.00,387300.00,738100.00,369500.00
2021-11-30,133.04,152.85,96.30,28.16,4306100.00,1116600.00,1297900.00,1087600.00
2021-12-01,132.71,152.39,95.58,27.89,2021100.00,386400.00,361500.00,466700.00
2021-12-02,134.81,154.61,97.79,27.93,1704000.00,286400.00,547400.00,564500.00
2021-12-03,137.98,152.65,97.39,27.48,2735600.00,316500.00,274500.00,329000.00
2021-12-06,137.89,151.95,98.24,28.08,1860400.00,318900.00,257700.00,747800.00
2021-12-07,138.25,153.47,98.04,28.61,1095500.00,298800.00,421600.00,367900.00
2021-12-08,137.98,154.33,97.05,28.49,1045300.00,389500.00,677500.00,481200.00
2021-12-09,137.83,153.15,98.47,28.22,744400.00,245800.00,606700.00,541000.00
2021-12-10,138.73,153.55,99.21,27.76,972400.00,169400.00,563500.00,371600.00
2021-12-13,138.42,153.57,100.05,26.99,1871200.00,461600.00,745200.00,1083100.00
2021-12-14,138.62,151.45,100.86,26.38,915300.00,366300.00,449500.00,1321000.00
2021-12-15,140.05,151.21,102.53,26.46,1725700.00,507600.00,833300.00,500500.00
2021-12-16,136.70,149.49,102.96,26.64,2989500.00,398900.00,542200.00,482100.00
2021-12-17,134.11,148.09,103.54,26.62,3789600.00,1446500.00,1335200.00,679200.00
2021-12-20,131.54,148.36,102.99,26.14,2430000.00,437700.00,529100.00,357000.00
2021-12-21,133.14,148.96,103.33,26.69,1553600.00,261700.00,396100.00,294800.00
2021-12-22,135.35,149.72,103.75,26.93,1359600.00,187800.00,320500.00,238600.00
2021-12-23,135.58,149.71,103.18,26.99,1278200.00,444400.00,466700.00,477500.00
2021-12-24,135.87,149.83,103.58,26.87,215700.00,46600.00,112700.00,51700.00
2021-12-29,136.94,151.85,104.42,26.83,1698300.00,395600.00,349200.00,633500.00
2021-12-30,136.59,151.28,103.78,26.71,652000.00,140500.00,126000.00,284000.00
2021-12-31,136.19,151.27,103.64,26.44,725900.00,140800.00,178700.00,320500.00
2022-01-04,141.07,147.50,102.73,27.15,3581000.00,379700.00,342600.00,579600.00
2022-01-05,139.97,143.75,102.02,26.77,2048200.00,427600.00,453300.00,1383400.00
2022-01-06,141.83,143.85,103.25,26.60,1572800.00,322000.00,269100.00,436400.00
2022-01-07,143.11,142.57,102.14,26.51,1747200.00,373700.00,246200.00,543300.00
2022-01-10,143.05,140.75,101.59,25.44,3584400.00,676000.00,388400.00,824900.00
2022-01-11,144.97,141.17,101.18,25.98,2542000.00,370700.00,492100.00,1349500.00
2022-01-12,146.13,140.79,101.13,26.08,1724400.00,334500.00,378600.00,653000.00
2022-01-13,147.57,138.73,100.50,26.21,1162000.00,355300.00,346300.00,743700.00
2022-01-14,148.16,137.66,99.20,26.01,1579700.00,334700.00,463800.00,529000.00
2022-01-17,149.85,137.45,99.06,26.09,4776600.00,124800.00,160200.00,198600.00
2022-01-18,148.60,134.63,96.68,26.06,2781200.00,615400.00,866500.00,471000.00
2022-01-19,146.61,134.29,95.77,25.65,1988500.00,375300.00,507100.00,523000.00
2022-01-20,145.82,133.66,93.38,25.40,1298100.00,501600.00,788000.00,490600.00
2022-01-21,143.75,133.29,92.46,24.89,6309100.00,567400.00,511600.00,368600.00
2022-01-24,142.10,134.40,93.30,24.09,3791300.00,487700.00,790300.00,1186800.00
2022-01-25,144.37,132.42,93.86,23.61,5194400.00,412400.00,602300.00,648800.00
2022-01-26,146.26,132.68,95.70,23.12,3418400.00,410600.00,695900.00,733300.00
2022-01-27,144.85,131.67,97.73,23.11,4845000.00,420600.00,747500.00,1478200.00
2022-01-28,144.31,133.88,98.04,23.17,4421500.00,337300.00,381800.00,1166700.00
2022-01-31,143.88,136.46,98.07,23.59,4842900.00,434200.00,482000.00,923900.00
2022-02-01,145.58,136.36,97.60,23.92,3174400.00,367000.00,408300.00,878500.00
2022-02-02,148.34,137.16,101.03,23.86,3665000.00,376400.00,524300.00,512500.00
2022-02-03,147.81,134.87,101.25,23.45,6817700.00,288500.00,352400.00,354700.00
2022-02-04,148.36,134.53,101.30,23.20,3894400.00,348100.00,322500.00,593400.00
2022-02-07,148.26,133.14,100.50,22.95,1528400.00,362800.00,310900.00,689400.00
2022-02-08,150.39,131.07,101.44,23.44,2436500.00,1027700.00,455800.00,973100.00
2022-02-09,150.78,133.29,101.90,23.58,1689800.00,506200.00,200200.00,515900.00
2022-02-10,151.61,132.68,100.62,23.31,2258000.00,561200.00,409900.00,412200.00
2022-02-11,150.74,131.18,101.51,22.97,2165300.00,256500.00,327200.00,809300.00
2022-02-14,148.73,129.58,100.75,22.69,3070100.00,388900.00,302600.00,679500.00
2022-02-15,149.51,130.42,99.98,23.29,2067900.00,393300.00,475100.00,747400.00
2022-02-16,149.38,130.06,99.09,22.82,1843000.00,398800.00,406500.00,519700.00
2022-02-17,146.95,127.96,98.82,22.42,2090700.00,435100.00,332200.00,346600.00
2022-02-18,146.48,127.80,98.17,21.80,1610800.00,419800.00,460200.00,1171000.00
2022-02-22,146.38,126.75,97.85,21.58,2410700.00,666500.00,453900.00,1052400.00
2022-02-23,144.27,125.39,97.25,20.71,1396300.00,404400.00,297100.00,1290000.00
2022-02-24,142.40,128.56,101.06,20.43,3233800.00,822800.00,694500.00,1290700.00
2022-02-25,145.27,128.44,100.95,20.93,1866000.00,288000.00,810300.00,710700.00
2022-02-28,144.73,128.16,98.87,20.75,2571000.00,716100.00,1081900.00,1152000.00
2022-03-01,144.67,129.94,98.02,20.41,2483500.00,389300.00,497200.00,878300.00
2022-03-02,147.64,131.19,99.49,20.97,1767100.00,391300.00,439000.00,825700.00
2022-03-03,147.78,132.14,102.20,21.38,1767100.00,331800.00,556800.00,984900.00
