Close,Close,Close,Volume,Volume,Volume
CIX.TO,L.TO,SHOP.TO,CIX.TO,L.TO,SHOP.TO
17.1299991607666,61.04999923706055,187.11000061035156,379300,626700,301600
17.299999237060547,60.66999816894531,174.91000366210938,575100,617800,315700
17.34000015258789,60.79999923706055,184.97999572753906,526900,444100,268400
17.479999542236328,61.369998931884766,191.91000366210938,382500,724700,280400
17.6299991607666,61.849998474121094,193.2100067138672,384800,601100,276400
18.209999084472656,62.47999954223633,196.36000061035156,598400,643000,259800
17.729999542236328,62.88999938964844,195.9600067138672,638500,596800,167900
17.6299991607666,63.86000061035156,198.1300048828125,547600,668100,153100
17.639999389648438,64.06999969482422,197.6999969482422,295700,739000,229600
17.600000381469727,64.62000274658203,204.72000122070312,338600,567600,264600
17.739999771118164,64.18000030517578,209.11000061035156,683800,860800,275700
17.950000762939453,64.30000305175781,209.67999267578125,269500,738200,219000
18.15999984741211,63.630001068115234,210.5500030517578,1062400,1073500,227900
17.8700008392334,63.70000076293945,210.19000244140625,196500,381400,75000
17.780000686645508,63.93000030517578,208.8699951171875,467600,593200,201600
17.90999984741211,63.439998626708984,209.19000244140625,509400,799400,181400
18.489999771118164,63.27000045776367,211.5,488500,815500,156800
18.0,63.20000076293945,215.4600067138672,579800,547300,239200
17.93000030517578,63.560001373291016,211.30999755859375,500300,383600,179900
18.079999923706055,63.40999984741211,208.61000061035156,705800,445000,224600
17.6200008392334,63.099998474121094,213.6199951171875,937100,579700,158800
17.690000534057617,63.630001068115234,221.17999267578125,1095900,371800,348100
17.770000457763672,63.959999084472656,223.25,290600,261100,159100
17.709999084472656,64.5199966430664,227.61000061035156,445000,331100,162600
18.030000686645508,66.05000305175781,227.9499969482422,418200,471800,168000
18.299999237060547,66.56999969482422,229.1199951171875,348900,394600,182600
18.5,66.54000091552734,228.72000122070312,553900,382200,207100
17.6200008392334,66.62999725341797,233.3000030517578,1146300,248300,248000
18.1200008392334,66.36000061035156,229.8300018310547,587900,398600,331600
18.809999465942383,66.95999908447266,232.3699951171875,683200,456700,445500
19.200000762939453,66.5199966430664,227.52999877929688,487500,296700,268900
18.719999313354492,66.8499984741211,234.38999938964844,483100,614900,256700
19.329999923706055,66.72000122070312,236.0500030517578,471800,472100,223100
19.18000030517578,66.69000244140625,239.75,592300,349800,326200
18.809999465942383,66.54000091552734,236.35000610351562,630700,469000,233200
19.030000686645508,65.5,236.16000366210938,886000,1305100,214300
18.979999542236328,64.08999633789062,241.47000122070312,372800,995000,183000
18.790000915527344,64.94999694824219,247.72999572753906,697600,712700,233600
18.65999984741211,65.41000366210938,244.13999938964844,613700,625300,227200
18.690000534057617,65.63999938964844,248.8699951171875,561100,501100,188100
18.600000381469727,65.54000091552734,249.27999877929688,1896600,713500,295400
18.829999923706055,64.88999938964844,254.7100067138672,507400,482400,237600
18.84000015258789,65.31999969482422,248.2100067138672,668300,435400,326000
18.610000610351562,64.7699966430664,250.9199981689453,494900,490500,210800
18.459999084472656,64.97000122070312,251.9499969482422,399700,468500,244400
18.170000076293945,65.20999908447266,251.92999267578125,497700,626600,203600
18.049999237060547,64.77999877929688,254.36000061035156,505700,484800,327900
18.389999389648438,64.95999908447266,268.4599914550781,723500,741700,590500
18.149999618530273,65.0,270.5199890136719,782100,576000,447800
18.170000076293945,64.9000015258789,273.3800048828125,1671000,710300,452300
17.979999542236328,65.01000213623047,277.2900085449219,684900,778500,468200
18.020000457763672,65.66000366210938,273.4200134277344,5348600,1613000,5829400
18.389999389648438,65.47000122070312,274.9200134277344,760700,465200,422200
18.600000381469727,65.12999725341797,268.7699890136719,652400,573900,539700
18.1200008392334,64.69000244140625,267.4800109863281,625300,374800,362300
18.15999984741211,65.7300033569336,274.0,654300,424900,316500
17.940000534057617,65.62999725341797,267.0199890136719,773300,655300,462100
17.93000030517578,65.86000061035156,269.8999938964844,835600,429600,329600
18.389999389648438,65.54000091552734,273.5299987792969,991100,523900,397200
18.360000610351562,66.02999877929688,268.3699951171875,1058100,586600,348100
18.149999618530273,66.45999908447266,273.5400085449219,337300,428300,289400
18.239999771118164,65.91999816894531,275.8599853515625,1318400,453100,216600
18.360000610351562,65.95999908447266,274.3800048828125,459400,420900,249800
18.399999618530273,66.56999969482422,268.8399963378906,570300,375100,404800
18.649999618530273,66.9800033569336,273.70001220703125,988400,619400,342600
18.8799991607666,66.87000274658203,260.25,760300,389500,580000
18.790000915527344,66.5999984741211,263.55999755859375,369100,356500,239200
18.579999923706055,66.4800033569336,266.4200134277344,631700,367300,264600
18.690000534057617,66.5,271.82000732421875,455500,325400,380400
18.559999465942383,66.66999816894531,275.1499938964844,370900,439700,239600
18.649999618530273,66.54000091552734,282.1700134277344,399000,429200,263700
18.68000030517578,66.4000015258789,286.4700012207031,256500,520700,394600
18.75,66.33999633789062,291.6700134277344,331600,388500,248600
18.739999771118164,66.18000030517578,287.4800109863281,2046300,401300,272600
18.860000610351562,65.8499984741211,289.5299987792969,378300,350200,193600
18.899999618530273,66.36000061035156,295.45001220703125,378600,524800,244000
18.600000381469727,66.31999969482422,299.489990234375,264900,153100,203600
18.84000015258789,66.05999755859375,299.7900085449219,412000,489000,280900
19.65999984741211,64.87999725341797,296.3299865722656,1075600,653300,240200
19.219999313354492,65.36000061035156,295.3699951171875,985200,293400,177300
19.350000381469727,65.12000274658203,299.1000061035156,422500,361900,273000
19.309999465942383,65.30999755859375,303.0400085449219,290400,284100,224900
19.270000457763672,65.62999725341797,325.75,497500,441600,554200
19.290000915527344,64.33999633789062,331.0,332300,603000,464900
19.520000457763672,65.25,343.8500061035156,415800,490200,675800
19.309999465942383,65.2300033569336,354.8599853515625,405700,348600,308600
19.350000381469727,66.02999877929688,357.1400146484375,1193000,596300,375500
19.219999313354492,67.43000030517578,348.07000732421875,533400,923600,341700
19.25,67.55000305175781,352.6700134277344,400800,1056900,260600
20.1200008392334,68.37000274658203,350.20001220703125,728800,873300,254300
20.739999771118164,67.97000122070312,347.2699890136719,701300,746800,419400
20.3700008392334,67.79000091552734,337.7799987792969,811200,535600,387100
20.75,69.11000061035156,340.8699951171875,1143800,702900,370400
20.75,69.05999755859375,355.010009765625,503400,552900,248700
20.469999313354492,70.20999908447266,374.489990234375,353500,712000,483700
20.25,69.97000122070312,368.04998779296875,366700,612100,301800
20.8700008392334,69.79000091552734,365.94000244140625,877100,730200,273000
20.219999313354492,69.91000366210938,373.5400085449219,683100,684900,285500
20.299999237060547,70.0,365.8699951171875,481600,920700,263500
20.6200008392334,69.95999908447266,370.7300109863281,602000,468500,220900
20.670000076293945,70.37999725341797,376.2300109863281,205300,529800,99600
20.520000457763672,70.79000091552734,381.4200134277344,1072100,1146000,716700
20.440000534057617,69.58000183105469,367.8500061035156,412300,675300,290900
20.600000381469727,69.33999633789062,374.05999755859375,492800,467500,181600
20.290000915527344,69.36000061035156,371.8399963378906,493500,645500,201500
20.3700008392334,69.43000030517578,355.8399963378906,341700,479300,435100
20.440000534057617,69.83999633789062,367.95001220703125,651500,582200,453800
20.65999984741211,70.70999908447266,392.239990234375,831800,467800,465200
21.110000610351562,70.6500015258789,397.4599914550781,880600,380500,335300
20.959999084472656,70.75,405.69000244140625,642200,320400,386700
21.229999542236328,70.2699966430664,407.3500061035156,379800,902500,323000
20.979999542236328,69.94999694824219,407.489990234375,775800,495700,295000
20.8799991607666,70.30000305175781,413.8999938964844,389600,559800,250700
20.920000076293945,69.4800033569336,409.69000244140625,277900,593100,249800
21.049999237060547,69.41999816894531,409.1499938964844,472300,393500,228900
21.399999618530273,70.04000091552734,410.5299987792969,527800,627500,206000
21.43000030517578,70.12000274658203,407.19000244140625,661700,439400,220100
21.399999618530273,70.29000091552734,434.95001220703125,389200,349800,456000
21.440000534057617,69.58999633789062,433.0199890136719,603200,323000,401800
21.280000686645508,67.33999633789062,431.5,796700,1818400,719400
21.25,67.19999694824219,410.70001220703125,590300,653400,319400
21.149999618530273,67.0,373.7900085449219,683500,376800,456400
21.200000762939453,66.61000061035156,379.45001220703125,784000,386000,322200
20.989999771118164,67.04000091552734,394.6600036621094,538300,383700,282700
21.34000015258789,67.05000305175781,393.5799865722656,638900,468600,261300
21.889999389648438,66.7300033569336,409.20001220703125,828200,496400,222500
21.84000015258789,67.23999786376953,410.3500061035156,505000,369200,191000
21.799999237060547,67.1500015258789,414.0400085449219,220100,102900,52500
21.81999969482422,67.02999877929688,410.5899963378906,182400,316600,274100
21.739999771118164,66.76000213623047,421.4700012207031,348300,351600,324700
21.670000076293945,67.05000305175781,422.739990234375,395000,417500,291700
21.56999969482422,67.30999755859375,417.239990234375,429700,399200,220800
21.3700008392334,67.58999633789062,411.2099914550781,528800,372000,171200
21.5,67.08000183105469,404.05999755859375,223100,356200,236800
21.6200008392334,67.1500015258789,422.79998779296875,386500,237400,219200
21.579999923706055,66.86000061035156,415.6000061035156,443000,510100,193600
21.5,66.91000366210938,424.6499938964844,275400,255800,324600
21.290000915527344,66.91000366210938,431.42999267578125,565800,319600,244000
21.270000457763672,66.86000061035156,431.04998779296875,443500,341100,212100
21.110000610351562,67.19000244140625,439.4599914550781,450900,177700,185800
21.239999771118164,67.86000061035156,434.0,299100,271000,232000
21.190000534057617,66.41000366210938,433.3399963378906,453300,1004400,194800
20.75,66.80000305175781,438.7900085449219,670800,429800,234300
20.8700008392334,68.02999877929688,442.989990234375,356100,292400,195900
20.690000534057617,68.83999633789062,420.4700012207031,515000,591700,427500
20.600000381469727,68.30999755859375,413.8299865722656,478000,473700,223700
20.459999084472656,68.4800033569336,419.4100036621094,740800,578900,303800
20.31999969482422,68.94999694824219,451.5799865722656,439900,748700,613000
20.170000076293945,68.80999755859375,438.95001220703125,269100,413200,411900
20.09000015258789,68.88999938964844,441.8800048828125,467400,721000,367900
20.079999923706055,69.31999969482422,453.6499938964844,395400,712300,348100
18.31999969482422,69.76000213623047,473.1000061035156,1316500,474400,337200
18.200000762939453,70.51000213623047,488.3599853515625,898600,651200,444000
18.1200008392334,70.69999694824219,485.67999267578125,482100,535700,323000
18.399999618530273,71.23999786376953,488.489990234375,775600,637900,328500
18.280000686645508,70.51000213623047,470.07000732421875,696200,588100,405300
18.3799991607666,70.98999786376953,467.5199890136719,514900,482200,311700
18.850000381469727,71.9800033569336,476.5400085449219,720700,398200,246700
19.049999237060547,72.29000091552734,481.6199951171875,412800,404700,186700
18.969999313354492,72.25,499.1499938964844,431800,470900,290400
19.100000381469727,72.19999694824219,519.0700073242188,424500,402400,305600
19.100000381469727,71.81999969482422,517.0499877929688,323800,399800,308100
18.81999969482422,71.0,508.4100036621094,329200,365700,450800
18.950000762939453,71.22000122070312,524.3400268554688,408000,312700,296600
19.3799991607666,71.61000061035156,541.489990234375,1207500,571000,486900
19.049999237060547,71.81999969482422,525.6300048828125,494200,478000,365700
19.06999969482422,72.66999816894531,522.0599975585938,597100,370600,309400
19.079999923706055,72.87000274658203,512.8200073242188,593900,425800,493800
18.889999389648438,73.1500015258789,512.5800170898438,709000,470800,305400
18.709999084472656,73.7699966430664,511.3299865722656,771600,845400,275800
19.149999618530273,74.25,519.510009765625,580500,523300,299200
19.079999923706055,74.22000122070312,501.70001220703125,392600,469000,240700
19.059999465942383,74.5,472.04998779296875,320400,415800,453100
18.969999313354492,73.94000244140625,442.9800109863281,515900,484700,315000
19.139999389648438,72.6500015258789,458.2799987792969,830400,857200,374100
19.25,72.23999786376953,471.1000061035156,460700,914200,301500
19.299999237060547,72.44000244140625,449.2300109863281,389100,638800,316800
19.360000610351562,71.91999816894531,447.4800109863281,273800,582400,234700
19.489999771118164,72.20999908447266,435.6700134277344,460500,528500,294800
19.469999313354492,73.19000244140625,432.79998779296875,324700,721600,238100
19.389999389648438,73.2699966430664,430.6499938964844,300800,621000,151800
19.469999313354492,74.87999725341797,423.1300048828125,921100,1769400,483800
19.3799991607666,75.05000305175781,415.5,272400,639500,195900
19.15999984741211,75.7699966430664,390.7200012207031,525900,518500,459200
19.15999984741211,75.68000030517578,417.5400085449219,389700,449900,352500
19.459999084472656,75.05999755859375,415.7200012207031,1626300,416500,212800
19.3700008392334,74.75,404.8999938964844,721500,390800,187900
19.329999923706055,75.45999908447266,412.29998779296875,383900,463100,255700
18.90999984741211,74.80999755859375,414.1600036621094,779100,413800,234600
18.68000030517578,74.87999725341797,412.8699951171875,391500,358800,154800
18.530000686645508,75.19999694824219,434.1600036621094,403500,474500,227200
18.510000228881836,74.8499984741211,435.5299987792969,298400,424100,185500
18.59000015258789,75.11000061035156,433.989990234375,257300,317700,137600
18.43000030517578,74.02999877929688,414.3900146484375,390100,546600,190000
18.559999465942383,74.1500015258789,418.6499938964844,245600,659800,123000
18.649999618530273,73.43000030517578,431.239990234375,233100,591200,181000
18.860000610351562,73.01000213623047,434.9800109863281,371700,428000,278600
18.84000015258789,72.5999984741211,456.9100036621094,400200,446100,278900
19.139999389648438,71.62000274658203,426.94000244140625,380000,716200,170700
18.90999984741211,71.5,435.6000061035156,378500,528200,142400
19.09000015258789,71.22000122070312,412.1600036621094,437500,284800,229100
19.059999465942383,71.41999816894531,418.0400085449219,271200,455500,229600
19.149999618530273,70.7699966430664,392.0199890136719,417400,613100,249500
19.059999465942383,69.8499984741211,388.2099914550781,255700,595400,160200
19.1299991607666,69.22000122070312,422.3399963378906,284700,785600,294100
19.170000076293945,69.5999984741211,414.5799865722656,209100,1068100,141400
19.280000686645508,69.80000305175781,422.75,815300,309600,157900
19.260000228881836,69.68000030517578,409.3599853515625,382500,592800,233800
19.25,70.1500015258789,419.9100036621094,301200,201900,136000
19.170000076293945,70.23999786376953,413.0,366000,448500,151500
19.260000228881836,69.9000015258789,416.19000244140625,452700,428700,114200
19.940000534057617,69.11000061035156,405.2300109863281,592100,504400,238200
19.8799991607666,68.97000122070312,389.1499938964844,256400,444100,234900
20.200000762939453,69.79000091552734,388.989990234375,509700,373700,196900
20.350000381469727,70.29000091552734,376.5400085449219,362300,376700,210300
20.84000015258789,70.5999984741211,393.75,449400,312200,194500
20.639999389648438,70.30999755859375,401.4100036621094,389500,417700,160200
20.93000030517578,70.30999755859375,404.8999938964844,571800,475500,144000
21.100000381469727,70.86000061035156,416.2799987792969,398800,451200,254600
20.969999313354492,69.27999877929688,413.80999755859375,381400,548700,132800
20.889999389648438,69.68000030517578,413.19000244140625,407400,814900,107200
21.1299991607666,70.19000244140625,426.6600036621094,265300,623500,234600
21.0,70.26000213623047,419.6499938964844,800400,937100,160300
20.829999923706055,70.47000122070312,421.760009765625,333800,517300,167200
20.860000610351562,70.73999786376953,419.8599853515625,232000,512600,131700
20.75,70.55000305175781,418.260009765625,291700,518300,130600
20.809999465942383,71.01000213623047,421.8500061035156,502000,476000,131700
20.8799991607666,71.5999984741211,443.57000732421875,1125400,1428200,364700
20.809999465942383,71.68000030517578,453.19000244140625,1068400,550400,226300
20.84000015258789,72.02999877929688,454.0,180800,307600,39200
20.920000076293945,71.5999984741211,445.45001220703125,333900,474700,128200
20.709999084472656,71.83999633789062,440.2099914550781,506600,844000,265800
20.979999542236328,72.05000305175781,466.4200134277344,958900,505800,248600
20.899999618530273,71.55000305175781,490.7699890136719,545400,460200,330000
21.059999465942383,71.73999786376953,479.25,340400,409100,212100
21.979999542236328,72.0999984741211,483.3500061035156,559200,297500,169500
21.899999618530273,71.95999908447266,489.94000244140625,456700,233800,259900
21.6299991607666,71.9000015258789,487.0400085449219,308700,581200,185000
21.540000915527344,71.69000244140625,491.7099914550781,742500,518000,167800
21.549999237060547,70.22000122070312,489.6099853515625,877600,1054100,227500
21.610000610351562,69.25,508.42999267578125,1182400,620200,312800
21.780000686645508,69.41999816894531,517.4199829101562,624900,292600,222000
21.90999984741211,69.30000305175781,510.8500061035156,495800,508200,252400
21.579999923706055,68.77999877929688,520.5599975585938,695900,583800,391200
21.770000457763672,67.66000366210938,516.0599975585938,964800,548600,178900
21.959999084472656,67.9000015258789,513.219970703125,1283600,1186800,715500
21.809999465942383,67.68000030517578,511.6199951171875,242600,213300,243900
21.959999084472656,67.66999816894531,525.3900146484375,152000,108600,125200
21.889999389648438,67.77999877929688,534.760009765625,1489400,144900,156400
21.770000457763672,67.33000183105469,517.7899780273438,257500,240400,162000
21.709999084472656,67.0,516.2999877929688,276400,213100,153200
22.0,66.75,530.0700073242188,282200,294400,196600
22.389999389648438,67.01000213623047,525.0700073242188,690000,405000,205700
22.40999984741211,66.70999908447266,535.0399780273438,596000,348500,347300
22.459999084472656,67.22000122070312,539.030029296875,284000,357400,296500
22.649999618530273,67.56999969482422,545.02001953125,459700,498400,656800
22.8700008392334,67.88999938964844,561.5700073242188,454500,330100,344400
23.0,67.8499984741211,560.9000244140625,354400,365200,225100
23.100000381469727,66.98999786376953,575.1400146484375,1173600,564800,274800
23.170000076293945,66.97000122070312,576.3099975585938,496200,503300,325800
23.0,67.31999969482422,585.6400146484375,681800,380000,353900
23.040000915527344,68.05000305175781,588.2999877929688,473700,444900,306900
23.149999618530273,68.37999725341797,594.5700073242188,301900,321500,219200
23.280000686645508,68.55000305175781,596.969970703125,339400,180900,56500
23.190000534057617,68.79000091552734,608.760009765625,462500,407600,270400
23.280000686645508,69.08999633789062,610.3099975585938,352200,474300,309500
23.270000457763672,68.94999694824219,615.8800048828125,242000,402600,340600
23.170000076293945,68.93000030517578,611.8400268554688,172400,237700,242400
23.040000915527344,69.66999816894531,594.8699951171875,253500,369200,266000
23.5,69.26000213623047,615.4199829101562,490500,448800,231800
23.3799991607666,69.48999786376953,622.8200073242188,405000,420200,247500
23.459999084472656,69.73999786376953,628.8900146484375,438400,424700,234600
23.190000534057617,69.23999786376953,616.3300170898438,677100,345000,286500
23.59000015258789,69.19000244140625,623.77001953125,599200,297700,304700
23.65999984741211,69.54000091552734,644.72998046875,293400,370900,333800
24.350000381469727,69.81999969482422,632.219970703125,553500,411600,307700
24.389999389648438,70.58999633789062,628.969970703125,467000,305100,352600
24.200000762939453,70.4000015258789,636.8900146484375,314200,336200,275200
24.209999084472656,70.94999694824219,654.530029296875,283000,219900,208600
24.389999389648438,70.73999786376953,655.4600219726562,313700,248500,390700
24.360000610351562,70.61000061035156,705.9000244140625,1096400,397300,418500
24.360000610351562,70.83999633789062,706.3800048828125,485900,319400,292800
25.09000015258789,71.08999633789062,704.1799926757812,1133600,203100,211800
25.479999542236328,71.08000183105469,709.8400268554688,658100,274200,569100
25.110000610351562,71.08999633789062,718.6599731445312,653700,545300,285700
25.459999084472656,69.91999816894531,711.0399780273438,529600,518700,435500
25.31999969482422,70.1500015258789,686.5700073242188,652100,618400,289800
24.719999313354492,70.0,652.989990234375,495500,449300,392900
24.139999389648438,69.76000213623047,620.3699951171875,678000,703200,404300
23.56999969482422,69.68000030517578,627.1799926757812,1459400,742400,305500
23.280000686645508,69.3499984741211,617.6400146484375,922500,488600,341700
22.290000915527344,66.5,623.219970703125,1781000,1795000,999300
22.770000457763672,67.36000061035156,651.75,760200,1429500,593300
22.530000686645508,69.1500015258789,637.6500244140625,924700,1310600,648400
22.65999984741211,71.58000183105469,686.77001953125,488000,953800,389800
22.299999237060547,71.87000274658203,669.010009765625,553900,924100,380100
21.719999313354492,72.3499984741211,633.2899780273438,332800,1057500,463100
19.440000534057617,67.11000061035156,571.2100219726562,991400,1614300,703800
19.59000015258789,67.97000122070312,618.7899780273438,1717000,1482400,639500
18.84000015258789,66.63999938964844,580.8300170898438,1181100,1540200,623400
15.399999618530273,59.470001220703125,527.7100219726562,1658700,1927200,658700
16.93000030517578,66.48999786376953,546.469970703125,1192900,2087900,662400
15.239999771118164,64.5999984741211,458.5199890136719,1127100,1700700,452500
14.170000076293945,69.75,500.45001220703125,1452500,2125600,486500
13.0,67.29000091552734,498.55999755859375,1379200,1785700,486200
12.6899995803833,66.80000305175781,482.1000061035156,1313300,1549600,400300
13.079999923706055,66.75,495.45001220703125,2872300,2148200,779900
11.449999809265137,59.70000076293945,542.3200073242188,1256600,1196400,355700
12.579999923706055,63.63999938964844,628.4000244140625,1008800,1113800,395800
13.09000015258789,67.20999908447266,634.47998046875,1616900,1099400,371200
13.850000381469727,68.5999984741211,631.969970703125,999800,907200,391300
13.380000114440918,67.22000122070312,590.0,1763400,630400,408700
13.180000305175781,69.13999938964844,611.52001953125,1549700,770800,192700
13.970000267028809,72.55000305175781,589.6199951171875,1117300,1283600,427000
12.4399995803833,71.97000122070312,546.2100219726562,689900,1519000,312200
12.460000038146973,71.01000213623047,493.2300109863281,1008800,816000,468200
11.170000076293945,72.4800033569336,504.5199890136719,2114700,770000,202400
12.550000190734863,75.44000244140625,553.9400024414062,1225000,1095100,233000
12.899999618530273,75.22000122070312,530.4299926757812,876000,1135500,280100
13.350000381469727,74.69000244140625,581.9600219726562,563400,712400,290800
13.6899995803833,71.97000122070312,584.719970703125,825300,1156800,474600
12.609999656677246,72.58999633789062,620.510009765625,832400,532700,209600
13.5600004196167,73.16999816894531,690.3300170898438,764400,689500,345600
12.869999885559082,72.83000183105469,700.5,870300,801900,271500
13.539999961853027,73.47000122070312,741.4199829101562,890300,602600,316600
13.970000267028809,73.93000030517578,831.52001953125,844200,755300,504800
14.180000305175781,74.72000122070312,887.5599975585938,796800,445800,499100
13.880000114440918,72.88999938964844,831.030029296875,684400,669300,573400
13.789999961853027,74.94999694824219,887.969970703125,730100,832000,413700
13.800000190734863,74.31999969482422,871.3200073242188,541000,570200,339500
13.670000076293945,74.5,908.6099853515625,507200,568000,331300
14.170000076293945,75.0,883.8300170898438,1694300,501400,231600
14.75,73.37000274658203,886.4299926757812,1037500,1027800,293800
15.380000114440918,70.55000305175781,888.4199829101562,790200,1069300,128600
14.789999961853027,68.5,882.780029296875,1123200,1407100,285100
14.270000457763672,68.08000183105469,863.1400146484375,429400,454700,163100
13.9399995803833,67.7699966430664,928.9600219726562,579000,528600,284400
13.859999656677246,68.83999633789062,967.25,518800,932200,380900
13.649999618530273,68.58999633789062,1034.4200439453125,690500,620900,351400
14.079999923706055,67.41000366210938,1016.3099975585938,1048200,593800,265400
14.630000114440918,69.26000213623047,989.0599975585938,857900,446600,195400
14.5,71.69000244140625,1050.02001953125,719900,637000,247000
14.199999809265137,70.0999984741211,1053.5899658203125,1072700,543400,391000
13.90999984741211,68.05000305175781,1069.6700439453125,980200,511300,500500
14.75,68.13999938964844,1059.5,1348500,411200,167300
14.369999885559082,67.37999725341797,1082.9300537109375,1147000,557500,192300
15.079999923706055,68.69999694824219,1049.3299560546875,791200,679400,325400
15.600000381469727,67.5,1077.0,1685300,746000,219500
15.779999732971191,66.83999633789062,1118.219970703125,457800,719400,288300
15.350000381469727,66.4000015258789,1154.3199462890625,480900,755100,172100
15.609999656677246,66.83999633789062,1187.97998046875,224300,235700,120300
16.360000610351562,66.93000030517578,1057.3699951171875,533400,826600,360300
16.6299991607666,66.73999786376953,1032.280029296875,731600,1170900,587300
16.450000762939453,68.19999694824219,1027.489990234375,884200,724700,486800
16.31999969482422,68.16000366210938,1044.969970703125,1689900,1099000,259600
16.3799991607666,67.0,1030.22998046875,449600,428200,103800
16.6299991607666,67.58000183105469,1054.199951171875,732200,573800,142600
17.360000610351562,67.95999908447266,1029.3299560546875,830500,587200,123800
17.350000381469727,67.08999633789062,992.5499877929688,502000,612600,188500
18.079999923706055,67.45999908447266,978.3200073242188,628800,707400,191000
17.969999313354492,66.30999755859375,975.75,553100,987000,296000
18.030000686645508,65.98999786376953,992.9199829101562,573900,629700,265600
17.15999984741211,66.80000305175781,994.7000122070312,774100,849600,195900
16.59000015258789,65.51000213623047,988.02001953125,714700,870800,326200
16.809999465942383,66.44000244140625,1009.22998046875,829100,1325400,268900
16.670000076293945,66.18000030517578,1093.3699951171875,407700,745500,462500
16.940000534057617,66.66999816894531,1093.27001953125,493100,847500,223800
16.889999389648438,65.91999816894531,1109.8399658203125,322300,814100,223200
17.1200008392334,66.2699966430664,1174.97998046875,701800,405200,286300
17.239999771118164,67.1500015258789,1204.739990234375,1953700,2949900,939700
17.229999542236328,66.54000091552734,1225.0,843900,983300,279500
17.290000915527344,65.20999908447266,1234.0,753400,1269000,364100
16.920000076293945,66.12999725341797,1220.969970703125,684700,1053000,192500
17.15999984741211,66.62999725341797,1251.010009765625,693600,465200,165900
16.950000762939453,65.33999633789062,1242.5899658203125,598400,495400,190700
17.030000686645508,67.19999694824219,1263.0400390625,927600,735300,197600
17.270000457763672,66.11000061035156,1289.77001953125,1194000,684600,195000
17.25,66.58999633789062,1397.6099853515625,803900,684000,206500
17.100000381469727,66.70999908447266,1388.0,294600,237500,45800
17.469999313354492,67.48999786376953,1334.8199462890625,308400,448300,222500
17.940000534057617,67.30999755859375,1376.489990234375,562400,372400,226300
18.100000381469727,66.88999938964844,1372.8800048828125,556200,354800,94400
17.860000610351562,66.86000061035156,1412.7900390625,516900,292000,217400
17.940000534057617,67.43000030517578,1402.4100341796875,473000,327900,149700
17.639999389648438,68.0999984741211,1315.1400146484375,563500,442700,335600
17.75,68.41999816894531,1325.1600341796875,597200,669100,392100
18.09000015258789,69.36000061035156,1295.300048828125,621500,558400,321000
17.799999237060547,69.5999984741211,1255.5,519300,271100,176300
17.989999771118164,70.3499984741211,1261.3499755859375,444300,368000,184900
17.93000030517578,70.16999816894531,1368.0,837800,282500,168100
17.75,68.79000091552734,1280.800048828125,693400,449500,231600
18.18000030517578,68.41999816894531,1282.4000244140625,601500,400200,131100
18.219999313354492,69.45999908447266,1244.4599609375,768800,665200,224400
18.209999084472656,69.12999725341797,1247.010009765625,246700,357400,149900
18.450000762939453,69.25,1305.25,931900,222400,127300
18.739999771118164,68.80000305175781,1308.949951171875,827800,312800,223600
18.75,69.79000091552734,1401.22998046875,510300,687200,336100
18.709999084472656,70.0,1412.97998046875,381800,342000,170900
18.40999984741211,69.48999786376953,1369.780029296875,472500,360500,197200
18.43000030517578,69.7699966430664,1435.56005859375,579900,483900,218000
18.950000762939453,69.9000015258789,1453.6199951171875,501900,297500,185900
19.06999969482422,69.97000122070312,1446.5999755859375,554700,446200,110600
19.190000534057617,69.80999755859375,1408.0400390625,340000,289600,152500
19.31999969482422,69.52999877929688,1343.0799560546875,314900,509200,360000
19.389999389648438,70.19999694824219,1295.6300048828125,504100,710000,202200
19.530000686645508,70.3499984741211,1311.6400146484375,423500,647400,169300
19.5,70.7300033569336,1322.510009765625,345100,611900,127200
19.200000762939453,70.79000091552734,1308.3599853515625,461400,696700,165900
19.309999465942383,70.70999908447266,1336.030029296875,388800,433800,126100
19.06999969482422,71.0,1348.6099853515625,504600,429400,148700
19.1299991607666,70.9000015258789,1335.1199951171875,322300,688800,127800
19.0,70.75,1370.1400146484375,514000,462900,145700
18.850000381469727,71.0999984741211,1346.760009765625,320800,688900,125300
19.1299991607666,71.12999725341797,1320.9300537109375,275700,555500,154100
19.059999465942383,70.33000183105469,1365.1099853515625,494300,382100,183700
19.229999542236328,69.68000030517578,1434.4100341796875,393600,605100,274600
19.049999237060547,69.80999755859375,1380.199951171875,365500,374600,213700
18.829999923706055,68.4000015258789,1362.4300537109375,363000,422700,176800
18.520000457763672,67.41000366210938,1393.22998046875,1221800,854100,377800
18.950000762939453,66.88999938964844,1487.02001953125,665400,763900,317800
18.969999313354492,68.5999984741211,1401.719970703125,352700,826700,329700
18.520000457763672,67.97000122070312,1330.1500244140625,356200,607000,326200
18.34000015258789,66.77999877929688,1270.0,838800,778200,451200
17.799999237060547,66.80000305175781,1214.47998046875,839200,1664300,328400
18.09000015258789,68.55000305175781,1250.260009765625,402200,640000,206800
17.790000915527344,68.41000366210938,1233.8800048828125,587800,537300,165700
18.059999465942383,68.22000122070312,1207.530029296875,556800,626500,199100
18.040000915527344,68.26000213623047,1231.219970703125,415400,804900,187600
18.059999465942383,68.66000366210938,1226.9000244140625,567500,588200,159500
17.989999771118164,67.43000030517578,1166.530029296875,475800,589600,243200
18.010000228881836,67.98999786376953,1143.699951171875,248600,577800,277900
18.040000915527344,67.69000244140625,1190.0,1373400,1625600,741300
17.530000686645508,67.76000213623047,1234.72998046875,1052400,437500,163600
17.59000015258789,69.9000015258789,1268.4000244140625,299600,618600,210400
17.190000534057617,69.77999877929688,1229.7900390625,457400,429900,150900
16.979999542236328,69.9000015258789,1212.9599609375,547400,781100,157500
17.209999084472656,70.69999694824219,1286.8199462890625,363600,1401200,177000
17.299999237060547,70.72000122070312,1290.739990234375,593200,453400,236200
16.950000762939453,70.2699966430664,1368.0,317500,326200,365800
16.889999389648438,69.7300033569336,1361.68994140625,785300,533300,381000
17.059999465942383,69.62999725341797,1401.0899658203125,522800,394100,216900
17.31999969482422,69.3499984741211,1371.56005859375,401000,350600,210200
17.639999389648438,69.83999633789062,1413.280029296875,842700,574200,227400
17.389999389648438,69.61000061035156,1386.050048828125,597200,514400,199900
17.68000030517578,69.44000244140625,1427.5999755859375,548500,295400,189700
18.0,69.30000305175781,1411.27001953125,542500,1354600,204800
18.1299991607666,68.86000061035156,1438.6800537109375,320700,354300,192500
18.15999984741211,68.93000030517578,1455.949951171875,369800,388300,208400
17.75,68.77999877929688,1424.6300048828125,528300,428200,204100
17.719999313354492,69.44999694824219,1425.3599853515625,605400,340300,174000
17.770000457763672,69.37999725341797,1407.9000244140625,724100,313900,137600
17.579999923706055,68.55000305175781,1397.760009765625,592500,379600,136000
17.299999237060547,68.36000061035156,1388.8599853515625,966900,530700,156900
17.440000534057617,68.56999969482422,1341.6199951171875,639500,258500,144200
17.649999618530273,67.62999725341797,1322.31005859375,569800,714600,178500
17.649999618530273,67.56999969482422,1348.760009765625,288500,281900,114600
16.6200008392334,67.02999877929688,1369.8599853515625,761900,328500,162100
16.239999771118164,67.13999938964844,1420.6800537109375,680300,322500,200500
15.670000076293945,66.7300033569336,1364.4100341796875,882200,513000,222400
15.859999656677246,66.75,1296.4100341796875,818300,373300,290200
15.529999732971191,66.31999969482422,1228.22998046875,906500,663900,260200
15.489999771118164,66.2300033569336,1210.739990234375,710100,324300,196300
15.760000228881836,65.87000274658203,1237.010009765625,600200,380400,177900
16.010000228881836,66.12999725341797,1303.719970703125,716800,1013300,260200
16.100000381469727,65.87000274658203,1352.8399658203125,359700,997400,191200
16.0,66.5999984741211,1361.449951171875,509200,895700,148000
16.690000534057617,66.0,1173.530029296875,762700,976000,442100
16.489999771118164,65.9800033569336,1154.969970703125,855400,856700,394800
16.31999969482422,66.66000366210938,1237.7900390625,709100,653500,162800
16.56999969482422,67.5999984741211,1213.8299560546875,1637000,736500,183400
16.690000534057617,65.69999694824219,1205.1300048828125,806200,1302900,144500
17.059999465942383,65.25,1203.8299560546875,632400,1557900,178900
16.829999923706055,65.16999816894531,1192.719970703125,776100,1155700,142000
17.200000762939453,64.13999938964844,1218.1600341796875,707700,1179400,139700
17.260000228881836,64.27999877929688,1262.0,570900,560300,191000
17.239999771118164,64.26000213623047,1294.6700439453125,337800,649900,189600
17.34000015258789,64.8499984741211,1280.300048828125,333900,809200,267700
17.690000534057617,64.08999633789062,1263.3800048828125,455800,828300,205200
17.5,63.849998474121094,1317.0899658203125,386500,808900,271000
17.56999969482422,64.05999755859375,1337.1800537109375,157700,202700,70000
17.450000762939453,64.30000305175781,1343.0,273500,441300,118200
17.020000457763672,64.19999694824219,1397.77001953125,1196100,1196000,367600
17.079999923706055,63.599998474121094,1383.8599853515625,700800,692200,280800
16.760000228881836,63.540000915527344,1396.489990234375,817900,688800,191600
16.8799991607666,64.04000091552734,1369.8199462890625,538600,590900,273200
17.079999923706055,63.529998779296875,1346.739990234375,1140000,860400,138600
16.920000076293945,63.20000076293945,1385.739990234375,1258500,859000,153200
16.770000457763672,63.97999954223633,1411.9000244140625,729600,1018600,168500
16.579999923706055,65.81999969482422,1326.949951171875,652900,1222100,258900
16.479999542236328,65.20999908447266,1359.9300537109375,617400,848600,140300
16.700000762939453,65.48999786376953,1349.6600341796875,623500,834600,145600
16.639999389648438,65.19999694824219,1350.260009765625,1232600,1004400,188700
17.0,65.13999938964844,1361.5699462890625,787500,1012300,199600
16.209999084472656,65.41000366210938,1474.6800537109375,2585500,928100,356300
16.18000030517578,64.66999816894531,1506.77001953125,1214100,690300,325700
16.299999237060547,64.5999984741211,1500.9200439453125,3993200,1498400,633200
15.949999809265137,64.05999755859375,1537.43994140625,866100,3783900,204300
15.850000381469727,64.0199966430664,1649.22998046875,838800,596100,289600
16.059999465942383,63.689998626708984,1542.4599609375,694800,419200,307800
15.90999984741211,63.720001220703125,1568.18994140625,639600,235400,91100
16.06999969482422,63.459999084472656,1500.3299560546875,972200,360400,246700
15.930000305175781,63.119998931884766,1482.47998046875,471500,292900,106900
15.779999732971191,62.810001373291016,1437.3199462890625,292200,396500,146900
15.109999656677246,63.75,1396.18994140625,783200,340900,160900
15.300000190734863,63.83000183105469,1412.56005859375,728400,453100,159700
15.789999961853027,64.45999908447266,1376.050048828125,1469100,662100,176300
16.479999542236328,64.33000183105469,1470.9000244140625,1108100,603100,182000
16.209999084472656,65.11000061035156,1516.719970703125,1135400,469500,207800
16.440000534057617,64.47000122070312,1502.4100341796875,1063900,477700,182500
17.420000076293945,64.05999755859375,1512.6600341796875,1943600,478300,124900
16.579999923706055,63.540000915527344,1523.56005859375,1489400,584300,121500
16.469999313354492,63.02000045776367,1488.6800537109375,1723900,473500,231400
16.510000228881836,64.22000122070312,1490.949951171875,624300,615800,99000
16.600000381469727,63.79999923706055,1517.1199951171875,334000,187800,67200
16.3700008392334,63.65999984741211,1494.3900146484375,1222400,556400,159700
16.3700008392334,63.20000076293945,1517.3900146484375,920600,843600,137500
16.670000076293945,63.52000045776367,1510.8499755859375,1449800,765600,113800
16.579999923706055,63.349998474121094,1522.5400390625,1045900,407000,83900
16.5,63.939998626708984,1536.6400146484375,1427100,565200,190900
16.989999771118164,64.05999755859375,1472.1199951171875,1103200,625000,123000
16.290000915527344,63.40999984741211,1397.699951171875,1431800,713200,341700
16.270000457763672,63.040000915527344,1434.030029296875,830500,613500,307400
15.880000114440918,61.75,1394.2900390625,1264000,942000,202700
16.600000381469727,63.02000045776367,1472.449951171875,938900,880500,122800
17.010000228881836,62.75,1581.3199462890625,1064900,643200,259800
17.270000457763672,61.79999923706055,1562.1800537109375,677400,897900,210700
17.3799991607666,62.25,1614.4599609375,629600,440100,185600
17.790000915527344,62.02000045776367,1643.8499755859375,1232700,590200,151400
17.40999984741211,62.09000015258789,1717.93994140625,1168200,417300,183600
17.469999313354492,62.5099983215332,1822.989990234375,942700,435700,252200
17.329999923706055,62.2599983215332,1857.3399658203125,1449900,561400,208100
18.200000762939453,62.040000915527344,1858.010009765625,1204000,411200,105700
19.15999984741211,62.58000183105469,1847.199951171875,1709400,440500,113000
18.520000457763672,62.599998474121094,1856.030029296875,1625400,491700,159800
18.3799991607666,62.18000030517578,1804.1800537109375,1261800,500600,327700
17.959999084472656,62.150001525878906,1755.5999755859375,1218000,553100,162000
18.0,61.880001068115234,1810.5799560546875,1398500,621500,201500
17.8799991607666,61.41999816894531,1742.260009765625,1483600,705800,266300
17.670000076293945,61.77000045776367,1637.260009765625,1889100,668000,285800
17.549999237060547,60.86000061035156,1632.43994140625,2075000,727100,311900
17.360000610351562,63.029998779296875,1572.489990234375,1655500,1141700,348900
17.81999969482422,61.33000183105469,1648.72998046875,18143500,1798300,614300
17.8700008392334,61.7400016784668,1655.4100341796875,1367500,1131200,262800
17.530000686645508,62.70000076293945,1653.7900390625,1275800,904900,237500
17.100000381469727,62.63999938964844,1545.030029296875,1780900,866300,193900
17.020000457763672,63.95000076293945,1455.989990234375,3148400,1299400,351400
16.959999084472656,64.69999694824219,1431.800048828125,1803300,970000,471400
17.43000030517578,65.20999908447266,1366.510009765625,3275600,1052600,235300
18.030000686645508,65.4800033569336,1431.06005859375,1251700,877800,212000
17.93000030517578,65.98999786376953,1378.219970703125,1075800,867600,235800
18.700000762939453,66.0999984741211,1431.530029296875,1217100,1071200,234600
18.559999465942383,65.54000091552734,1422.9100341796875,964400,874400,149900
18.860000610351562,66.16000366210938,1445.3800048828125,1295700,912600,115100
18.940000534057617,67.41999816894531,1417.8499755859375,1309600,1072300,320400
18.700000762939453,66.68000030517578,1451.5400390625,887800,1036200,183000
18.649999618530273,66.63999938964844,1398.27001953125,685200,737100,158800
18.860000610351562,66.58999633789062,1399.97998046875,1148500,1987000,740000
18.739999771118164,66.94999694824219,1450.5400390625,487300,823600,100500
18.549999237060547,69.29000091552734,1461.6800537109375,537500,989100,114800
18.510000228881836,69.0,1390.4599609375,620900,609500,277300
18.549999237060547,68.5,1337.52001953125,758200,631200,188400
18.56999969482422,68.47000122070312,1334.0,599200,499600,264100
18.579999923706055,69.87999725341797,1307.199951171875,553000,790900,147700
18.360000610351562,70.19999694824219,1324.56005859375,611000,471100,129500
18.149999618530273,70.19999694824219,1387.4300537109375,1254800,701800,224000
18.43000030517578,70.36000061035156,1448.1800537109375,654300,475400,156400
18.690000534057617,70.6500015258789,1434.3800048828125,555300,212100,74500
18.610000610351562,71.08000183105469,1453.4000244140625,813400,350800,127400
18.8700008392334,70.79000091552734,1462.1199951171875,612500,327800,96300
19.209999084472656,70.02999877929688,1536.8399658203125,2788600,519600,163900
19.31999969482422,70.19999694824219,1537.030029296875,645700,360900,143500
19.440000534057617,70.48999786376953,1508.52001953125,769200,256900,140100
19.09000015258789,69.58000183105469,1555.5699462890625,1165200,326200,129400
19.09000015258789,69.06999969482422,1476.06005859375,637700,341900,132000
19.389999389648438,69.55999755859375,1511.780029296875,461400,326200,111000
19.360000610351562,69.87999725341797,1510.3399658203125,738100,273200,102700
19.329999923706055,69.94000244140625,1432.280029296875,702600,251000,130300
19.190000534057617,70.66999816894531,1416.0799560546875,539700,348200,109300
19.260000228881836,70.38999938964844,1425.989990234375,460000,226400,87400
19.34000015258789,70.2699966430664,1366.719970703125,434300,333600,136800
19.420000076293945,69.30000305175781,1373.72998046875,404500,251000,97100
19.639999389648438,69.43000030517578,1441.550048828125,696300,224100,112800
19.790000915527344,68.7300033569336,1430.449951171875,684900,501900,90800
19.65999984741211,68.30000305175781,1589.469970703125,489300,447800,325500
19.81999969482422,68.16000366210938,1514.3299560546875,384700,462500,166400
19.760000228881836,68.25,1450.9000244140625,808200,751400,179500
20.399999618530273,68.31999969482422,1375.0,623300,182800,165200
20.309999465942383,68.22000122070312,1405.6600341796875,617200,299400,163000
20.43000030517578,69.4000015258789,1376.050048828125,632800,374400,152300
20.530000686645508,70.06999969482422,1324.489990234375,305300,804100,190600
20.899999618530273,70.61000061035156,1345.3599853515625,660000,700400,162200
20.93000030517578,71.55999755859375,1303.280029296875,421800,804000,234600
20.770000457763672,71.19000244140625,1342.8900146484375,781700,784600,203500
20.229999542236328,71.4800033569336,1315.489990234375,629800,865700,177700
20.959999084472656,71.86000061035156,1274.989990234375,882400,869000,169500
21.799999237060547,72.13999938964844,1314.469970703125,1551600,685900,118200
21.700000762939453,72.33999633789062,1322.5999755859375,904400,707200,88700
21.84000015258789,72.63999938964844,1365.6500244140625,629100,784400,161300
22.020000457763672,74.16999816894531,1419.219970703125,747700,1471600,216400
22.09000015258789,74.5199966430664,1464.3399658203125,778200,997100,154900
22.110000610351562,74.16999816894531,1473.780029296875,440700,812300,168600
22.219999313354492,74.7699966430664,1496.6800537109375,648600,1032700,177900
22.260000228881836,75.44999694824219,1499.4000244140625,474900,808700,119500
22.270000457763672,74.12000274658203,1492.8199462890625,681800,1218700,325700
22.43000030517578,74.33999633789062,1502.4200439453125,455700,508300,119100
22.420000076293945,73.7699966430664,1480.3199462890625,187200,235300,68700
22.540000915527344,74.93000030517578,1510.719970703125,549000,601500,153900
22.280000686645508,74.66999816894531,1479.469970703125,583100,454900,118600
22.3799991607666,74.79000091552734,1448.9599609375,460400,548100,116200
22.5,75.29000091552734,1457.1500244140625,730200,253600,68100
22.459999084472656,75.51000213623047,1482.93994140625,747000,565000,183600
22.450000762939453,75.66999816894531,1488.280029296875,532800,347200,105800
22.15999984741211,75.45999908447266,1472.02001953125,604200,554600,57300
21.950000762939453,76.0999984741211,1493.25,993700,403300,75600
21.81999969482422,76.0,1518.0799560546875,783000,194700,81700
21.700000762939453,75.98999786376953,1585.8299560546875,602800,407400,153600
21.709999084472656,76.18000030517578,1612.1099853515625,896300,263800,164300
21.790000915527344,75.6500015258789,1670.469970703125,734200,351000,205600
21.760000228881836,76.0999984741211,1790.010009765625,483700,505600,246400
21.760000228881836,74.83000183105469,1820.3699951171875,1097600,1084900,522500
22.15999984741211,75.18000030517578,1823.699951171875,343100,314500,290700
22.510000228881836,75.7300033569336,1850.3599853515625,685800,448400,186200
22.729999542236328,75.77999877929688,1848.0899658203125,498700,692300,121000
23.110000610351562,76.29000091552734,1822.8399658203125,561100,465700,152300
23.1200008392334,75.8499984741211,1812.4200439453125,320300,542700,134400
23.059999465942383,76.04000091552734,1844.6700439453125,630800,464700,102700
22.889999389648438,76.20999908447266,1838.77001953125,267000,259500,98200
22.75,76.29000091552734,1812.8699951171875,300600,536500,136700
22.790000915527344,77.13999938964844,1808.25,259200,382500,91200
23.06999969482422,76.72000122070312,1814.1800537109375,329300,118500,29700
22.84000015258789,76.11000061035156,1916.3599853515625,482200,338200,200800
22.6299991607666,77.19000244140625,1898.6600341796875,421400,396700,191300
22.459999084472656,78.38999938964844,1838.030029296875,347800,597500,163600
22.780000686645508,78.56999969482422,1862.969970703125,334900,406100,102600
22.780000686645508,78.33999633789062,1862.239990234375,220000,188200,86200
22.610000610351562,78.98999786376953,1899.8599853515625,502500,340400,97700
22.559999465942383,78.26000213623047,1830.0400390625,196000,289200,157900
22.670000076293945,79.44000244140625,1814.7900390625,332600,401000,121100
22.809999465942383,80.20999908447266,1819.6300048828125,1028800,290200,119300
22.200000762939453,80.5,1875.1199951171875,557100,538900,192400
22.700000762939453,80.29000091552734,1934.93994140625,378600,365000,185000
23.030000686645508,79.23999786376953,1972.010009765625,370800,334800,169800
22.799999237060547,79.29000091552734,2003.510009765625,297000,193000,161500
22.739999771118164,80.25,2068.449951171875,281000,272700,159600
22.65999984741211,80.8499984741211,1987.719970703125,329900,241500,220600
22.559999465942383,81.61000061035156,1958.300048828125,331400,347500,252800
22.440000534057617,82.44000244140625,1930.6600341796875,216400,421000,222600
22.770000457763672,83.87000274658203,1899.3800048828125,266000,655200,160700
22.75,84.4000015258789,1873.0,494100,520900,172500
23.15999984741211,86.08999633789062,1910.0799560546875,591900,629700,175200
23.0,86.33999633789062,1952.31005859375,279700,489600,92900
23.139999389648438,85.4800033569336,1931.6700439453125,332600,311000,132500
23.270000457763672,85.79000091552734,1915.4599609375,377700,245500,111800
23.450000762939453,85.79000091552734,1948.8699951171875,392900,421500,344400
24.530000686645508,86.1500015258789,1912.43994140625,1008600,476300,238900
25.18000030517578,86.0,1857.5,1116900,565100,89400
25.0,86.95999908447266,1881.510009765625,379500,634400,72900
24.520000457763672,86.87999725341797,1874.6500244140625,405300,573200,57700
24.780000686645508,87.20999908447266,1872.050048828125,550800,450900,92700
24.239999771118164,87.58000183105469,1870.8499755859375,428600,674300,80500
24.1200008392334,87.7699966430664,1886.760009765625,291500,947400,91600
24.06999969482422,89.02999877929688,1881.0999755859375,503300,716300,67000
24.280000686645508,88.95999908447266,1861.949951171875,228900,613100,107400
24.239999771118164,88.9000015258789,1876.31005859375,242000,401400,59200
24.469999313354492,88.80000305175781,1939.81005859375,284700,377000,113000
24.649999618530273,89.0,1953.4300537109375,314100,298700,120300
24.56999969482422,88.75,1920.4300537109375,239000,322900,61300
24.549999237060547,88.12000274658203,1934.1400146484375,175900,379900,69600
24.389999389648438,88.9000015258789,1952.0,188600,222800,57400
24.489999771118164,88.88999938964844,1926.5899658203125,807200,892800,144700
24.84000015258789,89.11000061035156,1942.56005859375,222700,640600,78800
24.860000610351562,89.56999969482422,1934.949951171875,829100,343400,116000
24.770000457763672,89.80999755859375,1946.47998046875,401500,263300,82700
24.899999618530273,89.79000091552734,1944.780029296875,556000,551400,125100
24.889999389648438,91.81999969482422,1875.27001953125,642500,649700,145200
25.040000915527344,91.29000091552734,1901.8199462890625,793200,998600,96000
25.100000381469727,90.72000122070312,1881.800048828125,692700,521700,82200
25.43000030517578,88.73999786376953,1866.6800537109375,599400,743500,243500
26.09000015258789,87.62999725341797,1838.93994140625,738900,498900,190100
26.3700008392334,87.7300033569336,1861.4100341796875,539200,466600,115300
26.799999237060547,87.43000030517578,1870.2900390625,722700,280300,77800
26.959999084472656,85.63999938964844,1895.22998046875,1072500,1758400,476800
25.8700008392334,85.4800033569336,1835.5999755859375,783300,368100,175000
26.040000915527344,86.37999725341797,1843.300048828125,472300,352100,131000
25.989999771118164,86.16000366210938,1871.9200439453125,456200,409600,105500
26.059999465942383,85.19999694824219,1867.25,347700,317300,57600
26.31999969482422,85.3499984741211,1828.2900390625,356900,347100,79600
26.360000610351562,84.52999877929688,1822.6800537109375,348100,331600,146000
25.799999237060547,83.87999725341797,1734.9000244140625,368600,316600,177000
25.8799991607666,85.66000366210938,1717.9100341796875,228800,598000,121100
25.709999084472656,86.91999816894531,1719.219970703125,412400,569300,141500
25.81999969482422,86.44999694824219,1707.0699462890625,284600,314500,103600
25.3799991607666,87.61000061035156,1654.75,508700,530700,127200
25.579999923706055,89.36000061035156,1656.010009765625,402600,844800,102700
25.360000610351562,90.5999984741211,1698.489990234375,417300,1014600,126000
25.760000228881836,90.75,1756.81005859375,1091700,538300,130400
25.729999542236328,89.95999908447266,1717.3399658203125,616000,428900,128500
25.68000030517578,90.44999694824219,1690.9200439453125,617400,776000,123800
26.059999465942383,91.76000213623047,1740.6700439453125,679400,1256400,77000
26.5,91.29000091552734,1741.6300048828125,448300,361400,60900
26.75,92.16000366210938,1763.3699951171875,398500,308900,70500
26.860000610351562,93.05999755859375,1814.27001953125,316100,305700,77100
27.809999465942383,92.04000091552734,1836.8199462890625,594300,346200,85500
27.899999618530273,91.58999633789062,1834.050048828125,321500,356700,75700
28.229999542236328,93.31999969482422,1850.5799560546875,614100,327200,65600
28.100000381469727,94.01000213623047,1764.3299560546875,306500,217800,187300
27.850000381469727,94.91000366210938,1765.8499755859375,478600,491600,124000
28.360000610351562,94.80000305175781,1688.6300048828125,505900,500700,180200
27.940000534057617,93.0,1681.6700439453125,241900,510500,153000
28.520000457763672,93.0199966430664,1800.0400390625,317200,413900,384600
28.219999313354492,93.08000183105469,1807.02001953125,574500,513100,192200
28.239999771118164,93.19000244140625,1889.8299560546875,373500,251800,235800
29.059999465942383,94.93000030517578,1831.2900390625,689700,351900,151900
29.489999771118164,93.97000122070312,1851.4000244140625,496100,367500,64800
29.65999984741211,95.66999816894531,1919.6400146484375,418300,328600,152400
29.649999618530273,95.37000274658203,1902.5699462890625,338700,301100,134100
29.829999923706055,95.86000061035156,1910.739990234375,590700,321700,103400
29.959999084472656,96.9800033569336,1935.300048828125,711800,373800,94900
29.93000030517578,97.66000366210938,1842.8299560546875,285100,192200,106400
30.170000076293945,98.43000030517578,1877.6500244140625,758600,242500,75200
29.65999984741211,98.06999969482422,2095.010009765625,966600,256300,324500
29.65999984741211,98.36000061035156,2072.820068359375,902600,319600,169400
29.809999465942383,98.30000305175781,2104.669921875,411400,321900,123800
29.670000076293945,97.08000183105469,2065.989990234375,328500,556600,122300
29.670000076293945,98.29000091552734,2118.469970703125,174000,666300,118900
29.8700008392334,98.0,2139.820068359375,261100,559700,140900
30.399999618530273,96.01000213623047,2027.6700439453125,636500,1006500,205800
30.059999465942383,97.58999633789062,1993.93994140625,436900,853800,180400
30.170000076293945,96.41000366210938,2060.0,208500,817600,238500
30.190000534057617,97.33000183105469,2075.0400390625,68600,427900,58600
29.389999389648438,96.44000244140625,2003.949951171875,267400,762700,167700
29.309999465942383,96.86000061035156,2000.0,369500,738100,197100
28.15999984741211,96.30000305175781,1941.030029296875,1087600,1297900,319500
27.889999389648438,95.58000183105469,1873.25,466700,361500,224300
27.93000030517578,97.79000091552734,1853.9000244140625,564500,547400,183400
27.479999542236328,97.38999938964844,1809.6700439453125,329000,274500,223200
28.079999923706055,98.23999786376953,1823.530029296875,747800,257700,207100
28.610000610351562,98.04000091552734,1924.469970703125,367900,421600,230800
28.489999771118164,97.05000305175781,1922.2900390625,481200,677500,135800
28.219999313354492,98.47000122070312,1899.1199951171875,541000,606700,112900
27.760000228881836,99.20999908447266,1857.219970703125,371600,563500,165500
26.989999771118164,100.05000305175781,1792.1500244140625,1083100,745200,288100
26.3799991607666,100.86000061035156,1740.469970703125,1321000,449500,190800
26.459999084472656,102.52999877929688,1753.5899658203125,500500,833300,367800
26.639999389648438,102.95999908447266,1693.68994140625,482100,542200,307400
26.6200008392334,103.54000091552734,1705.3699951171875,679200,1335200,448000
26.139999389648438,102.98999786376953,1662.2099609375,357000,529100,144600
26.690000534057617,103.33000183105469,1770.1600341796875,294800,396100,154300
26.93000030517578,103.75,1776.6700439453125,238600,320500,144800
26.989999771118164,103.18000030517578,1840.0,477500,466700,139000
26.8700008392334,103.58000183105469,1813.550048828125,51700,112700,21500
26.829999923706055,104.41999816894531,1781.469970703125,633500,349200,162900
26.709999084472656,103.77999877929688,1781.510009765625,284000,126000,156300
26.440000534057617,103.63999938964844,1741.68994140625,320500,178700,98400
27.149999618530273,102.7300033569336,1552.22998046875,579600,342600,390900
26.770000457763672,102.0199966430664,1513.449951171875,1383400,453300,254000
26.600000381469727,103.25,1487.469970703125,436400,269100,212600
26.510000228881836,102.13999938964844,1446.1800537109375,543300,246200,271800
25.440000534057617,101.58999633789062,1433.8900146484375,824900,388400,259400
25.979999542236328,101.18000030517578,1456.77001953125,1349500,492100,251900
26.079999923706055,101.12999725341797,1461.8499755859375,653000,378600,252800
26.209999084472656,100.5,1333.06005859375,743700,346300,281900
26.010000228881836,99.19999694824219,1382.0699462890625,529000,463800,227600
26.09000015258789,99.05999755859375,1389.550048828125,198600,160200,74100
26.059999465942383,96.68000030517578,1321.0400390625,471000,866500,282500
25.649999618530273,95.7699966430664,1289.8199462890625,523000,507100,283600
25.399999618530273,93.37999725341797,1282.18994140625,490600,788000,159000
24.889999389648438,92.45999908447266,1110.4000244140625,368600,511600,431100
24.09000015258789,93.30000305175781,1188.4599609375,1186800,790300,541700
23.610000610351562,93.86000061035156,1129.77001953125,648800,602300,375900
23.1200008392334,95.69999694824219,1101.1700439453125,733300,695900,432700
23.110000610351562,97.7300033569336,1040.030029296875,1478200,747500,280600
23.170000076293945,98.04000091552734,1113.97998046875,1166700,381800,285300
23.59000015258789,98.06999969482422,1226.949951171875,923900,482000,413500
23.920000076293945,97.5999984741211,1247.6199951171875,878500,408300,282800
23.860000610351562,101.02999877929688,1122.4100341796875,512500,524300,417400
23.450000762939453,101.25,1027.739990234375,354700,352400,415500
23.200000762939453,101.30000305175781,1118.239990234375,593400,322500,272200
22.950000762939453,100.5,1096.43994140625,689400,310900,197400
23.440000534057617,101.44000244140625,1115.5799560546875,973100,455800,208000
23.579999923706055,101.9000015258789,1170.199951171875,515900,200200,213300
23.309999465942383,100.62000274658203,1135.1400146484375,412200,409900,208100
22.969999313354492,101.51000213623047,1089.550048828125,809300,327200,320900
22.690000534057617,100.75,1078.949951171875,679500,302600,206600
23.290000915527344,99.9800033569336,1132.6199951171875,747400,475100,187300
22.81999969482422,99.08999633789062,938.9099731445312,519700,406500,706800
22.420000076293945,98.81999969482422,837.0900268554688,346600,332200,392500
21.799999237060547,98.16999816894531,837.0,1171000,460200,407700
21.579999923706055,97.8499984741211,800.8300170898438,1052400,453900,352400
20.709999084472656,97.25,799.219970703125,1290000,297100,316200
20.43000030517578,101.05999755859375,850.6199951171875,1290700,694500,356800
20.93000030517578,100.94999694824219,859.9500122070312,710700,810300,371700
20.75,98.87000274658203,879.9199829101562,1152000,1081900,373900
20.40999984741211,98.0199966430664,858.3300170898438,878300,497200,268200
20.969999313354492,99.48999786376953,833.8599853515625,825700,439000,291400
